action,actor,ms,members,n_roles,team_key_gen,roles
networking.init,founder,135,1,2,N/A,"[{""roleName"":""admin"",""generation"":0},{""roleName"":""member"",""generation"":0}]"
invites.create,founder,1,1,2,N/A,"[{""roleName"":""admin"",""generation"":0},{""roleName"":""member"",""generation"":0}]"
UserService.createFromInviteSeed,b0,2,0,0,N/A,"{}"
invites.admitMemberFromInvite,founder,3,2,2,N/A,"[{""roleName"":""admin"",""generation"":0},{""roleName"":""member"",""generation"":0}]"
team.save,founder,1,2,2,N/A,"[{""roleName"":""admin"",""generation"":0},{""roleName"":""member"",""generation"":0}]"
team.teamKeys,founder,0,2,2,N/A,"[{""roleName"":""admin"",""generation"":0},{""roleName"":""member"",""generation"":0}]"
team.join,founder,18,2,2,N/A,"[{""roleName"":""admin"",""generation"":0},{""roleName"":""member"",""generation"":0}]"
storage.setSigChain,founder,0,2,2,N/A,"[{""roleName"":""admin"",""generation"":0},{""roleName"":""member"",""generation"":0}]"
storage.setContext,founder,0,2,2,N/A,"[{""roleName"":""admin"",""generation"":0},{""roleName"":""member"",""generation"":0}]"
team.hasRole,founder,0,2,2,N/A,"[{""roleName"":""admin"",""generation"":0},{""roleName"":""member"",""generation"":0}]"
UserService.createFromInviteSeed,b1,1,0,0,N/A,"{}"
invites.admitMemberFromInvite,founder,3,3,2,N/A,"[{""roleName"":""admin"",""generation"":0},{""roleName"":""member"",""generation"":0}]"
team.save,founder,0,3,2,N/A,"[{""roleName"":""admin"",""generation"":0},{""roleName"":""member"",""generation"":0}]"
team.teamKeys,founder,0,3,2,N/A,"[{""roleName"":""admin"",""generation"":0},{""roleName"":""member"",""generation"":0}]"
team.join,founder,16,3,2,N/A,"[{""roleName"":""admin"",""generation"":0},{""roleName"":""member"",""generation"":0}]"
storage.setSigChain,founder,0,3,2,N/A,"[{""roleName"":""admin"",""generation"":0},{""roleName"":""member"",""generation"":0}]"
storage.setContext,founder,0,3,2,N/A,"[{""roleName"":""admin"",""generation"":0},{""roleName"":""member"",""generation"":0}]"
team.hasRole,founder,0,3,2,N/A,"[{""roleName"":""admin"",""generation"":0},{""roleName"":""member"",""generation"":0}]"
UserService.createFromInviteSeed,b2,1,0,0,N/A,"{}"
invites.admitMemberFromInvite,founder,2,4,2,N/A,"[{""roleName"":""admin"",""generation"":0},{""roleName"":""member"",""generation"":0}]"
team.save,founder,1,4,2,N/A,"[{""roleName"":""admin"",""generation"":0},{""roleName"":""member"",""generation"":0}]"
team.teamKeys,founder,0,4,2,N/A,"[{""roleName"":""admin"",""generation"":0},{""roleName"":""member"",""generation"":0}]"
team.join,founder,18,4,2,N/A,"[{""roleName"":""admin"",""generation"":0},{""roleName"":""member"",""generation"":0}]"
storage.setSigChain,founder,0,4,2,N/A,"[{""roleName"":""admin"",""generation"":0},{""roleName"":""member"",""generation"":0}]"
storage.setContext,founder,0,4,2,N/A,"[{""roleName"":""admin"",""generation"":0},{""roleName"":""member"",""generation"":0}]"
team.hasRole,founder,0,4,2,N/A,"[{""roleName"":""admin"",""generation"":0},{""roleName"":""member"",""generation"":0}]"
UserService.createFromInviteSeed,b3,1,0,0,N/A,"{}"
invites.admitMemberFromInvite,founder,2,5,2,N/A,"[{""roleName"":""admin"",""generation"":0},{""roleName"":""member"",""generation"":0}]"
team.save,founder,1,5,2,N/A,"[{""roleName"":""admin"",""generation"":0},{""roleName"":""member"",""generation"":0}]"
team.teamKeys,founder,0,5,2,N/A,"[{""roleName"":""admin"",""generation"":0},{""roleName"":""member"",""generation"":0}]"
team.join,founder,24,5,2,N/A,"[{""roleName"":""admin"",""generation"":0},{""roleName"":""member"",""generation"":0}]"
storage.setSigChain,founder,0,5,2,N/A,"[{""roleName"":""admin"",""generation"":0},{""roleName"":""member"",""generation"":0}]"
storage.setContext,founder,0,5,2,N/A,"[{""roleName"":""admin"",""generation"":0},{""roleName"":""member"",""generation"":0}]"
team.hasRole,founder,0,5,2,N/A,"[{""roleName"":""admin"",""generation"":0},{""roleName"":""member"",""generation"":0}]"
UserService.createFromInviteSeed,b4,1,0,0,N/A,"{}"
invites.admitMemberFromInvite,founder,2,6,2,N/A,"[{""roleName"":""admin"",""generation"":0},{""roleName"":""member"",""generation"":0}]"
team.save,founder,0,6,2,N/A,"[{""roleName"":""admin"",""generation"":0},{""roleName"":""member"",""generation"":0}]"
team.teamKeys,founder,0,6,2,N/A,"[{""roleName"":""admin"",""generation"":0},{""roleName"":""member"",""generation"":0}]"
team.join,founder,32,6,2,N/A,"[{""roleName"":""admin"",""generation"":0},{""roleName"":""member"",""generation"":0}]"
storage.setSigChain,founder,0,6,2,N/A,"[{""roleName"":""admin"",""generation"":0},{""roleName"":""member"",""generation"":0}]"
storage.setContext,founder,0,6,2,N/A,"[{""roleName"":""admin"",""generation"":0},{""roleName"":""member"",""generation"":0}]"
team.hasRole,founder,0,6,2,N/A,"[{""roleName"":""admin"",""generation"":0},{""roleName"":""member"",""generation"":0}]"
UserService.createFromInviteSeed,b5,1,0,0,N/A,"{}"
invites.admitMemberFromInvite,founder,2,7,2,N/A,"[{""roleName"":""admin"",""generation"":0},{""roleName"":""member"",""generation"":0}]"
team.save,founder,1,7,2,N/A,"[{""roleName"":""admin"",""generation"":0},{""roleName"":""member"",""generation"":0}]"
team.teamKeys,founder,0,7,2,N/A,"[{""roleName"":""admin"",""generation"":0},{""roleName"":""member"",""generation"":0}]"
team.join,founder,39,7,2,N/A,"[{""roleName"":""admin"",""generation"":0},{""roleName"":""member"",""generation"":0}]"
storage.setSigChain,founder,0,7,2,N/A,"[{""roleName"":""admin"",""generation"":0},{""roleName"":""member"",""generation"":0}]"
storage.setContext,founder,0,7,2,N/A,"[{""roleName"":""admin"",""generation"":0},{""roleName"":""member"",""generation"":0}]"
team.hasRole,founder,0,7,2,N/A,"[{""roleName"":""admin"",""generation"":0},{""roleName"":""member"",""generation"":0}]"
UserService.createFromInviteSeed,b6,1,0,0,N/A,"{}"
invites.admitMemberFromInvite,founder,2,8,2,N/A,"[{""roleName"":""admin"",""generation"":0},{""roleName"":""member"",""generation"":0}]"
team.save,founder,0,8,2,N/A,"[{""roleName"":""admin"",""generation"":0},{""roleName"":""member"",""generation"":0}]"
team.teamKeys,founder,0,8,2,N/A,"[{""roleName"":""admin"",""generation"":0},{""roleName"":""member"",""generation"":0}]"
team.join,founder,46,8,2,N/A,"[{""roleName"":""admin"",""generation"":0},{""roleName"":""member"",""generation"":0}]"
storage.setSigChain,founder,0,8,2,N/A,"[{""roleName"":""admin"",""generation"":0},{""roleName"":""member"",""generation"":0}]"
storage.setContext,founder,0,8,2,N/A,"[{""roleName"":""admin"",""generation"":0},{""roleName"":""member"",""generation"":0}]"
team.hasRole,founder,0,8,2,N/A,"[{""roleName"":""admin"",""generation"":0},{""roleName"":""member"",""generation"":0}]"
UserService.createFromInviteSeed,b7,2,0,0,N/A,"{}"
invites.admitMemberFromInvite,founder,2,9,2,N/A,"[{""roleName"":""admin"",""generation"":0},{""roleName"":""member"",""generation"":0}]"
team.save,founder,0,9,2,N/A,"[{""roleName"":""admin"",""generation"":0},{""roleName"":""member"",""generation"":0}]"
team.teamKeys,founder,0,9,2,N/A,"[{""roleName"":""admin"",""generation"":0},{""roleName"":""member"",""generation"":0}]"
team.join,founder,56,9,2,N/A,"[{""roleName"":""admin"",""generation"":0},{""roleName"":""member"",""generation"":0}]"
storage.setSigChain,founder,0,9,2,N/A,"[{""roleName"":""admin"",""generation"":0},{""roleName"":""member"",""generation"":0}]"
storage.setContext,founder,0,9,2,N/A,"[{""roleName"":""admin"",""generation"":0},{""roleName"":""member"",""generation"":0}]"
team.hasRole,founder,0,9,2,N/A,"[{""roleName"":""admin"",""generation"":0},{""roleName"":""member"",""generation"":0}]"
UserService.createFromInviteSeed,b8,1,0,0,N/A,"{}"
invites.admitMemberFromInvite,founder,2,10,2,N/A,"[{""roleName"":""admin"",""generation"":0},{""roleName"":""member"",""generation"":0}]"
team.save,founder,0,10,2,N/A,"[{""roleName"":""admin"",""generation"":0},{""roleName"":""member"",""generation"":0}]"
team.teamKeys,founder,0,10,2,N/A,"[{""roleName"":""admin"",""generation"":0},{""roleName"":""member"",""generation"":0}]"
team.join,founder,61,10,2,N/A,"[{""roleName"":""admin"",""generation"":0},{""roleName"":""member"",""generation"":0}]"
storage.setSigChain,founder,0,10,2,N/A,"[{""roleName"":""admin"",""generation"":0},{""roleName"":""member"",""generation"":0}]"
storage.setContext,founder,0,10,2,N/A,"[{""roleName"":""admin"",""generation"":0},{""roleName"":""member"",""generation"":0}]"
team.hasRole,founder,0,10,2,N/A,"[{""roleName"":""admin"",""generation"":0},{""roleName"":""member"",""generation"":0}]"
UserService.createFromInviteSeed,b9,1,0,0,N/A,"{}"
invites.admitMemberFromInvite,founder,2,11,2,N/A,"[{""roleName"":""admin"",""generation"":0},{""roleName"":""member"",""generation"":0}]"
team.save,founder,0,11,2,N/A,"[{""roleName"":""admin"",""generation"":0},{""roleName"":""member"",""generation"":0}]"
team.teamKeys,founder,0,11,2,N/A,"[{""roleName"":""admin"",""generation"":0},{""roleName"":""member"",""generation"":0}]"
team.join,founder,71,11,2,N/A,"[{""roleName"":""admin"",""generation"":0},{""roleName"":""member"",""generation"":0}]"
storage.setSigChain,founder,0,11,2,N/A,"[{""roleName"":""admin"",""generation"":0},{""roleName"":""member"",""generation"":0}]"
storage.setContext,founder,0,11,2,N/A,"[{""roleName"":""admin"",""generation"":0},{""roleName"":""member"",""generation"":0}]"
team.hasRole,founder,0,11,2,N/A,"[{""roleName"":""admin"",""generation"":0},{""roleName"":""member"",""generation"":0}]"
UserService.createFromInviteSeed,b10,1,0,0,N/A,"{}"
invites.admitMemberFromInvite,founder,2,12,2,N/A,"[{""roleName"":""admin"",""generation"":0},{""roleName"":""member"",""generation"":0}]"
team.save,founder,0,12,2,N/A,"[{""roleName"":""admin"",""generation"":0},{""roleName"":""member"",""generation"":0}]"
team.teamKeys,founder,0,12,2,N/A,"[{""roleName"":""admin"",""generation"":0},{""roleName"":""member"",""generation"":0}]"
team.join,founder,82,12,2,N/A,"[{""roleName"":""admin"",""generation"":0},{""roleName"":""member"",""generation"":0}]"
storage.setSigChain,founder,0,12,2,N/A,"[{""roleName"":""admin"",""generation"":0},{""roleName"":""member"",""generation"":0}]"
storage.setContext,founder,0,12,2,N/A,"[{""roleName"":""admin"",""generation"":0},{""roleName"":""member"",""generation"":0}]"
team.hasRole,founder,0,12,2,N/A,"[{""roleName"":""admin"",""generation"":0},{""roleName"":""member"",""generation"":0}]"
UserService.createFromInviteSeed,b11,1,0,0,N/A,"{}"
invites.admitMemberFromInvite,founder,2,13,2,N/A,"[{""roleName"":""admin"",""generation"":0},{""roleName"":""member"",""generation"":0}]"
team.save,founder,1,13,2,N/A,"[{""roleName"":""admin"",""generation"":0},{""roleName"":""member"",""generation"":0}]"
team.teamKeys,founder,0,13,2,N/A,"[{""roleName"":""admin"",""generation"":0},{""roleName"":""member"",""generation"":0}]"
team.join,founder,93,13,2,N/A,"[{""roleName"":""admin"",""generation"":0},{""roleName"":""member"",""generation"":0}]"
storage.setSigChain,founder,0,13,2,N/A,"[{""roleName"":""admin"",""generation"":0},{""roleName"":""member"",""generation"":0}]"
storage.setContext,founder,0,13,2,N/A,"[{""roleName"":""admin"",""generation"":0},{""roleName"":""member"",""generation"":0}]"
team.hasRole,founder,1,13,2,N/A,"[{""roleName"":""admin"",""generation"":0},{""roleName"":""member"",""generation"":0}]"
UserService.createFromInviteSeed,b12,1,0,0,N/A,"{}"
invites.admitMemberFromInvite,founder,1,14,2,N/A,"[{""roleName"":""admin"",""generation"":0},{""roleName"":""member"",""generation"":0}]"
team.save,founder,1,14,2,N/A,"[{""roleName"":""admin"",""generation"":0},{""roleName"":""member"",""generation"":0}]"
team.teamKeys,founder,0,14,2,N/A,"[{""roleName"":""admin"",""generation"":0},{""roleName"":""member"",""generation"":0}]"
team.join,founder,105,14,2,N/A,"[{""roleName"":""admin"",""generation"":0},{""roleName"":""member"",""generation"":0}]"
storage.setSigChain,founder,0,14,2,N/A,"[{""roleName"":""admin"",""generation"":0},{""roleName"":""member"",""generation"":0}]"
storage.setContext,founder,0,14,2,N/A,"[{""roleName"":""admin"",""generation"":0},{""roleName"":""member"",""generation"":0}]"
team.hasRole,founder,0,14,2,N/A,"[{""roleName"":""admin"",""generation"":0},{""roleName"":""member"",""generation"":0}]"
UserService.createFromInviteSeed,b13,1,0,0,N/A,"{}"
invites.admitMemberFromInvite,founder,2,15,2,N/A,"[{""roleName"":""admin"",""generation"":0},{""roleName"":""member"",""generation"":0}]"
team.save,founder,1,15,2,N/A,"[{""roleName"":""admin"",""generation"":0},{""roleName"":""member"",""generation"":0}]"
team.teamKeys,founder,0,15,2,N/A,"[{""roleName"":""admin"",""generation"":0},{""roleName"":""member"",""generation"":0}]"
team.join,founder,120,15,2,N/A,"[{""roleName"":""admin"",""generation"":0},{""roleName"":""member"",""generation"":0}]"
storage.setSigChain,founder,0,15,2,N/A,"[{""roleName"":""admin"",""generation"":0},{""roleName"":""member"",""generation"":0}]"
storage.setContext,founder,0,15,2,N/A,"[{""roleName"":""admin"",""generation"":0},{""roleName"":""member"",""generation"":0}]"
team.hasRole,founder,0,15,2,N/A,"[{""roleName"":""admin"",""generation"":0},{""roleName"":""member"",""generation"":0}]"
UserService.createFromInviteSeed,b14,2,0,0,N/A,"{}"
invites.admitMemberFromInvite,founder,3,16,2,N/A,"[{""roleName"":""admin"",""generation"":0},{""roleName"":""member"",""generation"":0}]"
team.save,founder,0,16,2,N/A,"[{""roleName"":""admin"",""generation"":0},{""roleName"":""member"",""generation"":0}]"
team.teamKeys,founder,0,16,2,N/A,"[{""roleName"":""admin"",""generation"":0},{""roleName"":""member"",""generation"":0}]"
team.join,founder,155,16,2,N/A,"[{""roleName"":""admin"",""generation"":0},{""roleName"":""member"",""generation"":0}]"
storage.setSigChain,founder,0,16,2,N/A,"[{""roleName"":""admin"",""generation"":0},{""roleName"":""member"",""generation"":0}]"
storage.setContext,founder,0,16,2,N/A,"[{""roleName"":""admin"",""generation"":0},{""roleName"":""member"",""generation"":0}]"
team.hasRole,founder,0,16,2,N/A,"[{""roleName"":""admin"",""generation"":0},{""roleName"":""member"",""generation"":0}]"
UserService.createFromInviteSeed,b15,2,0,0,N/A,"{}"
invites.admitMemberFromInvite,founder,1,17,2,N/A,"[{""roleName"":""admin"",""generation"":0},{""roleName"":""member"",""generation"":0}]"
team.save,founder,0,17,2,N/A,"[{""roleName"":""admin"",""generation"":0},{""roleName"":""member"",""generation"":0}]"
team.teamKeys,founder,0,17,2,N/A,"[{""roleName"":""admin"",""generation"":0},{""roleName"":""member"",""generation"":0}]"
team.join,founder,152,17,2,N/A,"[{""roleName"":""admin"",""generation"":0},{""roleName"":""member"",""generation"":0}]"
storage.setSigChain,founder,0,17,2,N/A,"[{""roleName"":""admin"",""generation"":0},{""roleName"":""member"",""generation"":0}]"
storage.setContext,founder,0,17,2,N/A,"[{""roleName"":""admin"",""generation"":0},{""roleName"":""member"",""generation"":0}]"
team.hasRole,founder,0,17,2,N/A,"[{""roleName"":""admin"",""generation"":0},{""roleName"":""member"",""generation"":0}]"
UserService.createFromInviteSeed,b16,1,0,0,N/A,"{}"
invites.admitMemberFromInvite,founder,2,18,2,N/A,"[{""roleName"":""admin"",""generation"":0},{""roleName"":""member"",""generation"":0}]"
team.save,founder,0,18,2,N/A,"[{""roleName"":""admin"",""generation"":0},{""roleName"":""member"",""generation"":0}]"
team.teamKeys,founder,1,18,2,N/A,"[{""roleName"":""admin"",""generation"":0},{""roleName"":""member"",""generation"":0}]"
team.join,founder,165,18,2,N/A,"[{""roleName"":""admin"",""generation"":0},{""roleName"":""member"",""generation"":0}]"
storage.setSigChain,founder,0,18,2,N/A,"[{""roleName"":""admin"",""generation"":0},{""roleName"":""member"",""generation"":0}]"
storage.setContext,founder,0,18,2,N/A,"[{""roleName"":""admin"",""generation"":0},{""roleName"":""member"",""generation"":0}]"
team.hasRole,founder,0,18,2,N/A,"[{""roleName"":""admin"",""generation"":0},{""roleName"":""member"",""generation"":0}]"
UserService.createFromInviteSeed,b17,1,0,0,N/A,"{}"
invites.admitMemberFromInvite,founder,1,19,2,N/A,"[{""roleName"":""admin"",""generation"":0},{""roleName"":""member"",""generation"":0}]"
team.save,founder,1,19,2,N/A,"[{""roleName"":""admin"",""generation"":0},{""roleName"":""member"",""generation"":0}]"
team.teamKeys,founder,0,19,2,N/A,"[{""roleName"":""admin"",""generation"":0},{""roleName"":""member"",""generation"":0}]"
team.join,founder,178,19,2,N/A,"[{""roleName"":""admin"",""generation"":0},{""roleName"":""member"",""generation"":0}]"
storage.setSigChain,founder,0,19,2,N/A,"[{""roleName"":""admin"",""generation"":0},{""roleName"":""member"",""generation"":0}]"
storage.setContext,founder,0,19,2,N/A,"[{""roleName"":""admin"",""generation"":0},{""roleName"":""member"",""generation"":0}]"
team.hasRole,founder,0,19,2,N/A,"[{""roleName"":""admin"",""generation"":0},{""roleName"":""member"",""generation"":0}]"
UserService.createFromInviteSeed,b18,1,0,0,N/A,"{}"
invites.admitMemberFromInvite,founder,2,20,2,N/A,"[{""roleName"":""admin"",""generation"":0},{""roleName"":""member"",""generation"":0}]"
team.save,founder,1,20,2,N/A,"[{""roleName"":""admin"",""generation"":0},{""roleName"":""member"",""generation"":0}]"
team.teamKeys,founder,0,20,2,N/A,"[{""roleName"":""admin"",""generation"":0},{""roleName"":""member"",""generation"":0}]"
team.join,founder,195,20,2,N/A,"[{""roleName"":""admin"",""generation"":0},{""roleName"":""member"",""generation"":0}]"
storage.setSigChain,founder,0,20,2,N/A,"[{""roleName"":""admin"",""generation"":0},{""roleName"":""member"",""generation"":0}]"
storage.setContext,founder,0,20,2,N/A,"[{""roleName"":""admin"",""generation"":0},{""roleName"":""member"",""generation"":0}]"
team.hasRole,founder,0,20,2,N/A,"[{""roleName"":""admin"",""generation"":0},{""roleName"":""member"",""generation"":0}]"
UserService.createFromInviteSeed,b19,1,0,0,N/A,"{}"
invites.admitMemberFromInvite,founder,1,21,2,N/A,"[{""roleName"":""admin"",""generation"":0},{""roleName"":""member"",""generation"":0}]"
team.save,founder,0,21,2,N/A,"[{""roleName"":""admin"",""generation"":0},{""roleName"":""member"",""generation"":0}]"
team.teamKeys,founder,0,21,2,N/A,"[{""roleName"":""admin"",""generation"":0},{""roleName"":""member"",""generation"":0}]"
team.join,founder,212,21,2,N/A,"[{""roleName"":""admin"",""generation"":0},{""roleName"":""member"",""generation"":0}]"
storage.setSigChain,founder,0,21,2,N/A,"[{""roleName"":""admin"",""generation"":0},{""roleName"":""member"",""generation"":0}]"
storage.setContext,founder,0,21,2,N/A,"[{""roleName"":""admin"",""generation"":0},{""roleName"":""member"",""generation"":0}]"
team.hasRole,founder,0,21,2,N/A,"[{""roleName"":""admin"",""generation"":0},{""roleName"":""member"",""generation"":0}]"
UserService.createFromInviteSeed,b20,1,0,0,N/A,"{}"
invites.admitMemberFromInvite,founder,2,22,2,N/A,"[{""roleName"":""admin"",""generation"":0},{""roleName"":""member"",""generation"":0}]"
team.save,founder,0,22,2,N/A,"[{""roleName"":""admin"",""generation"":0},{""roleName"":""member"",""generation"":0}]"
team.teamKeys,founder,0,22,2,N/A,"[{""roleName"":""admin"",""generation"":0},{""roleName"":""member"",""generation"":0}]"
team.join,founder,228,22,2,N/A,"[{""roleName"":""admin"",""generation"":0},{""roleName"":""member"",""generation"":0}]"
storage.setSigChain,founder,0,22,2,N/A,"[{""roleName"":""admin"",""generation"":0},{""roleName"":""member"",""generation"":0}]"
storage.setContext,founder,0,22,2,N/A,"[{""roleName"":""admin"",""generation"":0},{""roleName"":""member"",""generation"":0}]"
team.hasRole,founder,0,22,2,N/A,"[{""roleName"":""admin"",""generation"":0},{""roleName"":""member"",""generation"":0}]"
UserService.createFromInviteSeed,b21,1,0,0,N/A,"{}"
invites.admitMemberFromInvite,founder,2,23,2,N/A,"[{""roleName"":""admin"",""generation"":0},{""roleName"":""member"",""generation"":0}]"
team.save,founder,0,23,2,N/A,"[{""roleName"":""admin"",""generation"":0},{""roleName"":""member"",""generation"":0}]"
team.teamKeys,founder,0,23,2,N/A,"[{""roleName"":""admin"",""generation"":0},{""roleName"":""member"",""generation"":0}]"
team.join,founder,248,23,2,N/A,"[{""roleName"":""admin"",""generation"":0},{""roleName"":""member"",""generation"":0}]"
storage.setSigChain,founder,0,23,2,N/A,"[{""roleName"":""admin"",""generation"":0},{""roleName"":""member"",""generation"":0}]"
storage.setContext,founder,0,23,2,N/A,"[{""roleName"":""admin"",""generation"":0},{""roleName"":""member"",""generation"":0}]"
team.hasRole,founder,0,23,2,N/A,"[{""roleName"":""admin"",""generation"":0},{""roleName"":""member"",""generation"":0}]"
UserService.createFromInviteSeed,b22,1,0,0,N/A,"{}"
invites.admitMemberFromInvite,founder,2,24,2,N/A,"[{""roleName"":""admin"",""generation"":0},{""roleName"":""member"",""generation"":0}]"
team.save,founder,0,24,2,N/A,"[{""roleName"":""admin"",""generation"":0},{""roleName"":""member"",""generation"":0}]"
team.teamKeys,founder,0,24,2,N/A,"[{""roleName"":""admin"",""generation"":0},{""roleName"":""member"",""generation"":0}]"
team.join,founder,294,24,2,N/A,"[{""roleName"":""admin"",""generation"":0},{""roleName"":""member"",""generation"":0}]"
storage.setSigChain,founder,0,24,2,N/A,"[{""roleName"":""admin"",""generation"":0},{""roleName"":""member"",""generation"":0}]"
storage.setContext,founder,0,24,2,N/A,"[{""roleName"":""admin"",""generation"":0},{""roleName"":""member"",""generation"":0}]"
team.hasRole,founder,0,24,2,N/A,"[{""roleName"":""admin"",""generation"":0},{""roleName"":""member"",""generation"":0}]"
UserService.createFromInviteSeed,b23,1,0,0,N/A,"{}"
invites.admitMemberFromInvite,founder,2,25,2,N/A,"[{""roleName"":""admin"",""generation"":0},{""roleName"":""member"",""generation"":0}]"
team.save,founder,1,25,2,N/A,"[{""roleName"":""admin"",""generation"":0},{""roleName"":""member"",""generation"":0}]"
team.teamKeys,founder,0,25,2,N/A,"[{""roleName"":""admin"",""generation"":0},{""roleName"":""member"",""generation"":0}]"
team.join,founder,303,25,2,N/A,"[{""roleName"":""admin"",""generation"":0},{""roleName"":""member"",""generation"":0}]"
storage.setSigChain,founder,0,25,2,N/A,"[{""roleName"":""admin"",""generation"":0},{""roleName"":""member"",""generation"":0}]"
storage.setContext,founder,0,25,2,N/A,"[{""roleName"":""admin"",""generation"":0},{""roleName"":""member"",""generation"":0}]"
team.hasRole,founder,0,25,2,N/A,"[{""roleName"":""admin"",""generation"":0},{""roleName"":""member"",""generation"":0}]"
UserService.createFromInviteSeed,b24,1,0,0,N/A,"{}"
invites.admitMemberFromInvite,founder,2,26,2,N/A,"[{""roleName"":""admin"",""generation"":0},{""roleName"":""member"",""generation"":0}]"
team.save,founder,0,26,2,N/A,"[{""roleName"":""admin"",""generation"":0},{""roleName"":""member"",""generation"":0}]"
team.teamKeys,founder,0,26,2,N/A,"[{""roleName"":""admin"",""generation"":0},{""roleName"":""member"",""generation"":0}]"
team.join,founder,321,26,2,N/A,"[{""roleName"":""admin"",""generation"":0},{""roleName"":""member"",""generation"":0}]"
storage.setSigChain,founder,0,26,2,N/A,"[{""roleName"":""admin"",""generation"":0},{""roleName"":""member"",""generation"":0}]"
storage.setContext,founder,0,26,2,N/A,"[{""roleName"":""admin"",""generation"":0},{""roleName"":""member"",""generation"":0}]"
team.hasRole,founder,0,26,2,N/A,"[{""roleName"":""admin"",""generation"":0},{""roleName"":""member"",""generation"":0}]"
UserService.createFromInviteSeed,b25,1,0,0,N/A,"{}"
invites.admitMemberFromInvite,founder,2,27,2,N/A,"[{""roleName"":""admin"",""generation"":0},{""roleName"":""member"",""generation"":0}]"
team.save,founder,1,27,2,N/A,"[{""roleName"":""admin"",""generation"":0},{""roleName"":""member"",""generation"":0}]"
team.teamKeys,founder,0,27,2,N/A,"[{""roleName"":""admin"",""generation"":0},{""roleName"":""member"",""generation"":0}]"
team.join,founder,326,27,2,N/A,"[{""roleName"":""admin"",""generation"":0},{""roleName"":""member"",""generation"":0}]"
storage.setSigChain,founder,0,27,2,N/A,"[{""roleName"":""admin"",""generation"":0},{""roleName"":""member"",""generation"":0}]"
storage.setContext,founder,0,27,2,N/A,"[{""roleName"":""admin"",""generation"":0},{""roleName"":""member"",""generation"":0}]"
team.hasRole,founder,0,27,2,N/A,"[{""roleName"":""admin"",""generation"":0},{""roleName"":""member"",""generation"":0}]"
UserService.createFromInviteSeed,b26,1,0,0,N/A,"{}"
invites.admitMemberFromInvite,founder,1,28,2,N/A,"[{""roleName"":""admin"",""generation"":0},{""roleName"":""member"",""generation"":0}]"
team.save,founder,0,28,2,N/A,"[{""roleName"":""admin"",""generation"":0},{""roleName"":""member"",""generation"":0}]"
team.teamKeys,founder,0,28,2,N/A,"[{""roleName"":""admin"",""generation"":0},{""roleName"":""member"",""generation"":0}]"
team.join,founder,355,28,2,N/A,"[{""roleName"":""admin"",""generation"":0},{""roleName"":""member"",""generation"":0}]"
storage.setSigChain,founder,0,28,2,N/A,"[{""roleName"":""admin"",""generation"":0},{""roleName"":""member"",""generation"":0}]"
storage.setContext,founder,0,28,2,N/A,"[{""roleName"":""admin"",""generation"":0},{""roleName"":""member"",""generation"":0}]"
team.hasRole,founder,0,28,2,N/A,"[{""roleName"":""admin"",""generation"":0},{""roleName"":""member"",""generation"":0}]"
UserService.createFromInviteSeed,b27,1,0,0,N/A,"{}"
invites.admitMemberFromInvite,founder,1,29,2,N/A,"[{""roleName"":""admin"",""generation"":0},{""roleName"":""member"",""generation"":0}]"
team.save,founder,0,29,2,N/A,"[{""roleName"":""admin"",""generation"":0},{""roleName"":""member"",""generation"":0}]"
team.teamKeys,founder,0,29,2,N/A,"[{""roleName"":""admin"",""generation"":0},{""roleName"":""member"",""generation"":0}]"
team.join,founder,372,29,2,N/A,"[{""roleName"":""admin"",""generation"":0},{""roleName"":""member"",""generation"":0}]"
storage.setSigChain,founder,0,29,2,N/A,"[{""roleName"":""admin"",""generation"":0},{""roleName"":""member"",""generation"":0}]"
storage.setContext,founder,0,29,2,N/A,"[{""roleName"":""admin"",""generation"":0},{""roleName"":""member"",""generation"":0}]"
team.hasRole,founder,0,29,2,N/A,"[{""roleName"":""admin"",""generation"":0},{""roleName"":""member"",""generation"":0}]"
UserService.createFromInviteSeed,b28,0,0,0,N/A,"{}"
invites.admitMemberFromInvite,founder,2,30,2,N/A,"[{""roleName"":""admin"",""generation"":0},{""roleName"":""member"",""generation"":0}]"
team.save,founder,1,30,2,N/A,"[{""roleName"":""admin"",""generation"":0},{""roleName"":""member"",""generation"":0}]"
team.teamKeys,founder,0,30,2,N/A,"[{""roleName"":""admin"",""generation"":0},{""roleName"":""member"",""generation"":0}]"
team.join,founder,401,30,2,N/A,"[{""roleName"":""admin"",""generation"":0},{""roleName"":""member"",""generation"":0}]"
storage.setSigChain,founder,0,30,2,N/A,"[{""roleName"":""admin"",""generation"":0},{""roleName"":""member"",""generation"":0}]"
storage.setContext,founder,0,30,2,N/A,"[{""roleName"":""admin"",""generation"":0},{""roleName"":""member"",""generation"":0}]"
team.hasRole,founder,0,30,2,N/A,"[{""roleName"":""admin"",""generation"":0},{""roleName"":""member"",""generation"":0}]"
UserService.createFromInviteSeed,b29,1,0,0,N/A,"{}"
invites.admitMemberFromInvite,founder,2,31,2,N/A,"[{""roleName"":""admin"",""generation"":0},{""roleName"":""member"",""generation"":0}]"
team.save,founder,1,31,2,N/A,"[{""roleName"":""admin"",""generation"":0},{""roleName"":""member"",""generation"":0}]"
team.teamKeys,founder,0,31,2,N/A,"[{""roleName"":""admin"",""generation"":0},{""roleName"":""member"",""generation"":0}]"
team.join,founder,429,31,2,N/A,"[{""roleName"":""admin"",""generation"":0},{""roleName"":""member"",""generation"":0}]"
storage.setSigChain,founder,0,31,2,N/A,"[{""roleName"":""admin"",""generation"":0},{""roleName"":""member"",""generation"":0}]"
storage.setContext,founder,0,31,2,N/A,"[{""roleName"":""admin"",""generation"":0},{""roleName"":""member"",""generation"":0}]"
team.hasRole,founder,0,31,2,N/A,"[{""roleName"":""admin"",""generation"":0},{""roleName"":""member"",""generation"":0}]"
UserService.createFromInviteSeed,b30,1,0,0,N/A,"{}"
invites.admitMemberFromInvite,founder,2,32,2,N/A,"[{""roleName"":""admin"",""generation"":0},{""roleName"":""member"",""generation"":0}]"
team.save,founder,0,32,2,N/A,"[{""roleName"":""admin"",""generation"":0},{""roleName"":""member"",""generation"":0}]"
team.teamKeys,founder,1,32,2,N/A,"[{""roleName"":""admin"",""generation"":0},{""roleName"":""member"",""generation"":0}]"
team.join,founder,455,32,2,N/A,"[{""roleName"":""admin"",""generation"":0},{""roleName"":""member"",""generation"":0}]"
storage.setSigChain,founder,0,32,2,N/A,"[{""roleName"":""admin"",""generation"":0},{""roleName"":""member"",""generation"":0}]"
storage.setContext,founder,0,32,2,N/A,"[{""roleName"":""admin"",""generation"":0},{""roleName"":""member"",""generation"":0}]"
team.hasRole,founder,0,32,2,N/A,"[{""roleName"":""admin"",""generation"":0},{""roleName"":""member"",""generation"":0}]"
UserService.createFromInviteSeed,b31,1,0,0,N/A,"{}"
invites.admitMemberFromInvite,founder,1,33,2,N/A,"[{""roleName"":""admin"",""generation"":0},{""roleName"":""member"",""generation"":0}]"
team.save,founder,0,33,2,N/A,"[{""roleName"":""admin"",""generation"":0},{""roleName"":""member"",""generation"":0}]"
team.teamKeys,founder,0,33,2,N/A,"[{""roleName"":""admin"",""generation"":0},{""roleName"":""member"",""generation"":0}]"
team.join,founder,494,33,2,N/A,"[{""roleName"":""admin"",""generation"":0},{""roleName"":""member"",""generation"":0}]"
storage.setSigChain,founder,0,33,2,N/A,"[{""roleName"":""admin"",""generation"":0},{""roleName"":""member"",""generation"":0}]"
storage.setContext,founder,0,33,2,N/A,"[{""roleName"":""admin"",""generation"":0},{""roleName"":""member"",""generation"":0}]"
team.hasRole,founder,0,33,2,N/A,"[{""roleName"":""admin"",""generation"":0},{""roleName"":""member"",""generation"":0}]"
UserService.createFromInviteSeed,b32,1,0,0,N/A,"{}"
invites.admitMemberFromInvite,founder,2,34,2,N/A,"[{""roleName"":""admin"",""generation"":0},{""roleName"":""member"",""generation"":0}]"
team.save,founder,0,34,2,N/A,"[{""roleName"":""admin"",""generation"":0},{""roleName"":""member"",""generation"":0}]"
team.teamKeys,founder,0,34,2,N/A,"[{""roleName"":""admin"",""generation"":0},{""roleName"":""member"",""generation"":0}]"
team.join,founder,523,34,2,N/A,"[{""roleName"":""admin"",""generation"":0},{""roleName"":""member"",""generation"":0}]"
storage.setSigChain,founder,0,34,2,N/A,"[{""roleName"":""admin"",""generation"":0},{""roleName"":""member"",""generation"":0}]"
storage.setContext,founder,0,34,2,N/A,"[{""roleName"":""admin"",""generation"":0},{""roleName"":""member"",""generation"":0}]"
team.hasRole,founder,0,34,2,N/A,"[{""roleName"":""admin"",""generation"":0},{""roleName"":""member"",""generation"":0}]"
UserService.createFromInviteSeed,b33,1,0,0,N/A,"{}"
invites.admitMemberFromInvite,founder,1,35,2,N/A,"[{""roleName"":""admin"",""generation"":0},{""roleName"":""member"",""generation"":0}]"
team.save,founder,1,35,2,N/A,"[{""roleName"":""admin"",""generation"":0},{""roleName"":""member"",""generation"":0}]"
team.teamKeys,founder,0,35,2,N/A,"[{""roleName"":""admin"",""generation"":0},{""roleName"":""member"",""generation"":0}]"
team.join,founder,551,35,2,N/A,"[{""roleName"":""admin"",""generation"":0},{""roleName"":""member"",""generation"":0}]"
storage.setSigChain,founder,0,35,2,N/A,"[{""roleName"":""admin"",""generation"":0},{""roleName"":""member"",""generation"":0}]"
storage.setContext,founder,0,35,2,N/A,"[{""roleName"":""admin"",""generation"":0},{""roleName"":""member"",""generation"":0}]"
team.hasRole,founder,0,35,2,N/A,"[{""roleName"":""admin"",""generation"":0},{""roleName"":""member"",""generation"":0}]"
UserService.createFromInviteSeed,b34,1,0,0,N/A,"{}"
invites.admitMemberFromInvite,founder,2,36,2,N/A,"[{""roleName"":""admin"",""generation"":0},{""roleName"":""member"",""generation"":0}]"
team.save,founder,0,36,2,N/A,"[{""roleName"":""admin"",""generation"":0},{""roleName"":""member"",""generation"":0}]"
team.teamKeys,founder,0,36,2,N/A,"[{""roleName"":""admin"",""generation"":0},{""roleName"":""member"",""generation"":0}]"
team.join,founder,572,36,2,N/A,"[{""roleName"":""admin"",""generation"":0},{""roleName"":""member"",""generation"":0}]"
storage.setSigChain,founder,0,36,2,N/A,"[{""roleName"":""admin"",""generation"":0},{""roleName"":""member"",""generation"":0}]"
storage.setContext,founder,0,36,2,N/A,"[{""roleName"":""admin"",""generation"":0},{""roleName"":""member"",""generation"":0}]"
team.hasRole,founder,0,36,2,N/A,"[{""roleName"":""admin"",""generation"":0},{""roleName"":""member"",""generation"":0}]"
UserService.createFromInviteSeed,b35,1,0,0,N/A,"{}"
invites.admitMemberFromInvite,founder,2,37,2,N/A,"[{""roleName"":""admin"",""generation"":0},{""roleName"":""member"",""generation"":0}]"
team.save,founder,1,37,2,N/A,"[{""roleName"":""admin"",""generation"":0},{""roleName"":""member"",""generation"":0}]"
team.teamKeys,founder,0,37,2,N/A,"[{""roleName"":""admin"",""generation"":0},{""roleName"":""member"",""generation"":0}]"
team.join,founder,601,37,2,N/A,"[{""roleName"":""admin"",""generation"":0},{""roleName"":""member"",""generation"":0}]"
storage.setSigChain,founder,0,37,2,N/A,"[{""roleName"":""admin"",""generation"":0},{""roleName"":""member"",""generation"":0}]"
storage.setContext,founder,0,37,2,N/A,"[{""roleName"":""admin"",""generation"":0},{""roleName"":""member"",""generation"":0}]"
team.hasRole,founder,0,37,2,N/A,"[{""roleName"":""admin"",""generation"":0},{""roleName"":""member"",""generation"":0}]"
UserService.createFromInviteSeed,b36,1,0,0,N/A,"{}"
invites.admitMemberFromInvite,founder,1,38,2,N/A,"[{""roleName"":""admin"",""generation"":0},{""roleName"":""member"",""generation"":0}]"
team.save,founder,0,38,2,N/A,"[{""roleName"":""admin"",""generation"":0},{""roleName"":""member"",""generation"":0}]"
team.teamKeys,founder,0,38,2,N/A,"[{""roleName"":""admin"",""generation"":0},{""roleName"":""member"",""generation"":0}]"
team.join,founder,613,38,2,N/A,"[{""roleName"":""admin"",""generation"":0},{""roleName"":""member"",""generation"":0}]"
storage.setSigChain,founder,0,38,2,N/A,"[{""roleName"":""admin"",""generation"":0},{""roleName"":""member"",""generation"":0}]"
storage.setContext,founder,0,38,2,N/A,"[{""roleName"":""admin"",""generation"":0},{""roleName"":""member"",""generation"":0}]"
team.hasRole,founder,0,38,2,N/A,"[{""roleName"":""admin"",""generation"":0},{""roleName"":""member"",""generation"":0}]"
UserService.createFromInviteSeed,b37,1,0,0,N/A,"{}"
invites.admitMemberFromInvite,founder,2,39,2,N/A,"[{""roleName"":""admin"",""generation"":0},{""roleName"":""member"",""generation"":0}]"
team.save,founder,0,39,2,N/A,"[{""roleName"":""admin"",""generation"":0},{""roleName"":""member"",""generation"":0}]"
team.teamKeys,founder,0,39,2,N/A,"[{""roleName"":""admin"",""generation"":0},{""roleName"":""member"",""generation"":0}]"
team.join,founder,646,39,2,N/A,"[{""roleName"":""admin"",""generation"":0},{""roleName"":""member"",""generation"":0}]"
storage.setSigChain,founder,0,39,2,N/A,"[{""roleName"":""admin"",""generation"":0},{""roleName"":""member"",""generation"":0}]"
storage.setContext,founder,0,39,2,N/A,"[{""roleName"":""admin"",""generation"":0},{""roleName"":""member"",""generation"":0}]"
team.hasRole,founder,0,39,2,N/A,"[{""roleName"":""admin"",""generation"":0},{""roleName"":""member"",""generation"":0}]"
UserService.createFromInviteSeed,b38,0,0,0,N/A,"{}"
invites.admitMemberFromInvite,founder,2,40,2,N/A,"[{""roleName"":""admin"",""generation"":0},{""roleName"":""member"",""generation"":0}]"
team.save,founder,1,40,2,N/A,"[{""roleName"":""admin"",""generation"":0},{""roleName"":""member"",""generation"":0}]"
team.teamKeys,founder,0,40,2,N/A,"[{""roleName"":""admin"",""generation"":0},{""roleName"":""member"",""generation"":0}]"
team.join,founder,703,40,2,N/A,"[{""roleName"":""admin"",""generation"":0},{""roleName"":""member"",""generation"":0}]"
storage.setSigChain,founder,0,40,2,N/A,"[{""roleName"":""admin"",""generation"":0},{""roleName"":""member"",""generation"":0}]"
storage.setContext,founder,0,40,2,N/A,"[{""roleName"":""admin"",""generation"":0},{""roleName"":""member"",""generation"":0}]"
team.hasRole,founder,0,40,2,N/A,"[{""roleName"":""admin"",""generation"":0},{""roleName"":""member"",""generation"":0}]"
UserService.createFromInviteSeed,b39,1,0,0,N/A,"{}"
invites.admitMemberFromInvite,founder,2,41,2,N/A,"[{""roleName"":""admin"",""generation"":0},{""roleName"":""member"",""generation"":0}]"
team.save,founder,1,41,2,N/A,"[{""roleName"":""admin"",""generation"":0},{""roleName"":""member"",""generation"":0}]"
team.teamKeys,founder,0,41,2,N/A,"[{""roleName"":""admin"",""generation"":0},{""roleName"":""member"",""generation"":0}]"
team.join,founder,724,41,2,N/A,"[{""roleName"":""admin"",""generation"":0},{""roleName"":""member"",""generation"":0}]"
storage.setSigChain,founder,0,41,2,N/A,"[{""roleName"":""admin"",""generation"":0},{""roleName"":""member"",""generation"":0}]"
storage.setContext,founder,0,41,2,N/A,"[{""roleName"":""admin"",""generation"":0},{""roleName"":""member"",""generation"":0}]"
team.hasRole,founder,0,41,2,N/A,"[{""roleName"":""admin"",""generation"":0},{""roleName"":""member"",""generation"":0}]"
UserService.createFromInviteSeed,b40,1,0,0,N/A,"{}"
invites.admitMemberFromInvite,founder,2,42,2,N/A,"[{""roleName"":""admin"",""generation"":0},{""roleName"":""member"",""generation"":0}]"
team.save,founder,0,42,2,N/A,"[{""roleName"":""admin"",""generation"":0},{""roleName"":""member"",""generation"":0}]"
team.teamKeys,founder,1,42,2,N/A,"[{""roleName"":""admin"",""generation"":0},{""roleName"":""member"",""generation"":0}]"
team.join,founder,731,42,2,N/A,"[{""roleName"":""admin"",""generation"":0},{""roleName"":""member"",""generation"":0}]"
storage.setSigChain,founder,0,42,2,N/A,"[{""roleName"":""admin"",""generation"":0},{""roleName"":""member"",""generation"":0}]"
storage.setContext,founder,0,42,2,N/A,"[{""roleName"":""admin"",""generation"":0},{""roleName"":""member"",""generation"":0}]"
team.hasRole,founder,0,42,2,N/A,"[{""roleName"":""admin"",""generation"":0},{""roleName"":""member"",""generation"":0}]"
UserService.createFromInviteSeed,b41,1,0,0,N/A,"{}"
invites.admitMemberFromInvite,founder,2,43,2,N/A,"[{""roleName"":""admin"",""generation"":0},{""roleName"":""member"",""generation"":0}]"
team.save,founder,1,43,2,N/A,"[{""roleName"":""admin"",""generation"":0},{""roleName"":""member"",""generation"":0}]"
team.teamKeys,founder,0,43,2,N/A,"[{""roleName"":""admin"",""generation"":0},{""roleName"":""member"",""generation"":0}]"
team.join,founder,770,43,2,N/A,"[{""roleName"":""admin"",""generation"":0},{""roleName"":""member"",""generation"":0}]"
storage.setSigChain,founder,0,43,2,N/A,"[{""roleName"":""admin"",""generation"":0},{""roleName"":""member"",""generation"":0}]"
storage.setContext,founder,0,43,2,N/A,"[{""roleName"":""admin"",""generation"":0},{""roleName"":""member"",""generation"":0}]"
team.hasRole,founder,0,43,2,N/A,"[{""roleName"":""admin"",""generation"":0},{""roleName"":""member"",""generation"":0}]"
UserService.createFromInviteSeed,b42,1,0,0,N/A,"{}"
invites.admitMemberFromInvite,founder,2,44,2,N/A,"[{""roleName"":""admin"",""generation"":0},{""roleName"":""member"",""generation"":0}]"
team.save,founder,1,44,2,N/A,"[{""roleName"":""admin"",""generation"":0},{""roleName"":""member"",""generation"":0}]"
team.teamKeys,founder,0,44,2,N/A,"[{""roleName"":""admin"",""generation"":0},{""roleName"":""member"",""generation"":0}]"
team.join,founder,814,44,2,N/A,"[{""roleName"":""admin"",""generation"":0},{""roleName"":""member"",""generation"":0}]"
storage.setSigChain,founder,0,44,2,N/A,"[{""roleName"":""admin"",""generation"":0},{""roleName"":""member"",""generation"":0}]"
storage.setContext,founder,0,44,2,N/A,"[{""roleName"":""admin"",""generation"":0},{""roleName"":""member"",""generation"":0}]"
team.hasRole,founder,0,44,2,N/A,"[{""roleName"":""admin"",""generation"":0},{""roleName"":""member"",""generation"":0}]"
UserService.createFromInviteSeed,b43,1,0,0,N/A,"{}"
invites.admitMemberFromInvite,founder,2,45,2,N/A,"[{""roleName"":""admin"",""generation"":0},{""roleName"":""member"",""generation"":0}]"
team.save,founder,1,45,2,N/A,"[{""roleName"":""admin"",""generation"":0},{""roleName"":""member"",""generation"":0}]"
team.teamKeys,founder,0,45,2,N/A,"[{""roleName"":""admin"",""generation"":0},{""roleName"":""member"",""generation"":0}]"
team.join,founder,846,45,2,N/A,"[{""roleName"":""admin"",""generation"":0},{""roleName"":""member"",""generation"":0}]"
storage.setSigChain,founder,0,45,2,N/A,"[{""roleName"":""admin"",""generation"":0},{""roleName"":""member"",""generation"":0}]"
storage.setContext,founder,0,45,2,N/A,"[{""roleName"":""admin"",""generation"":0},{""roleName"":""member"",""generation"":0}]"
team.hasRole,founder,0,45,2,N/A,"[{""roleName"":""admin"",""generation"":0},{""roleName"":""member"",""generation"":0}]"
UserService.createFromInviteSeed,b44,1,0,0,N/A,"{}"
invites.admitMemberFromInvite,founder,2,46,2,N/A,"[{""roleName"":""admin"",""generation"":0},{""roleName"":""member"",""generation"":0}]"
team.save,founder,1,46,2,N/A,"[{""roleName"":""admin"",""generation"":0},{""roleName"":""member"",""generation"":0}]"
team.teamKeys,founder,0,46,2,N/A,"[{""roleName"":""admin"",""generation"":0},{""roleName"":""member"",""generation"":0}]"
team.join,founder,870,46,2,N/A,"[{""roleName"":""admin"",""generation"":0},{""roleName"":""member"",""generation"":0}]"
storage.setSigChain,founder,0,46,2,N/A,"[{""roleName"":""admin"",""generation"":0},{""roleName"":""member"",""generation"":0}]"
storage.setContext,founder,0,46,2,N/A,"[{""roleName"":""admin"",""generation"":0},{""roleName"":""member"",""generation"":0}]"
team.hasRole,founder,0,46,2,N/A,"[{""roleName"":""admin"",""generation"":0},{""roleName"":""member"",""generation"":0}]"
UserService.createFromInviteSeed,b45,1,0,0,N/A,"{}"
invites.admitMemberFromInvite,founder,2,47,2,N/A,"[{""roleName"":""admin"",""generation"":0},{""roleName"":""member"",""generation"":0}]"
team.save,founder,1,47,2,N/A,"[{""roleName"":""admin"",""generation"":0},{""roleName"":""member"",""generation"":0}]"
team.teamKeys,founder,0,47,2,N/A,"[{""roleName"":""admin"",""generation"":0},{""roleName"":""member"",""generation"":0}]"
team.join,founder,911,47,2,N/A,"[{""roleName"":""admin"",""generation"":0},{""roleName"":""member"",""generation"":0}]"
storage.setSigChain,founder,0,47,2,N/A,"[{""roleName"":""admin"",""generation"":0},{""roleName"":""member"",""generation"":0}]"
storage.setContext,founder,0,47,2,N/A,"[{""roleName"":""admin"",""generation"":0},{""roleName"":""member"",""generation"":0}]"
team.hasRole,founder,0,47,2,N/A,"[{""roleName"":""admin"",""generation"":0},{""roleName"":""member"",""generation"":0}]"
UserService.createFromInviteSeed,b46,1,0,0,N/A,"{}"
invites.admitMemberFromInvite,founder,2,48,2,N/A,"[{""roleName"":""admin"",""generation"":0},{""roleName"":""member"",""generation"":0}]"
team.save,founder,0,48,2,N/A,"[{""roleName"":""admin"",""generation"":0},{""roleName"":""member"",""generation"":0}]"
team.teamKeys,founder,0,48,2,N/A,"[{""roleName"":""admin"",""generation"":0},{""roleName"":""member"",""generation"":0}]"
team.join,founder,1091,48,2,N/A,"[{""roleName"":""admin"",""generation"":0},{""roleName"":""member"",""generation"":0}]"
storage.setSigChain,founder,0,48,2,N/A,"[{""roleName"":""admin"",""generation"":0},{""roleName"":""member"",""generation"":0}]"
storage.setContext,founder,0,48,2,N/A,"[{""roleName"":""admin"",""generation"":0},{""roleName"":""member"",""generation"":0}]"
team.hasRole,founder,0,48,2,N/A,"[{""roleName"":""admin"",""generation"":0},{""roleName"":""member"",""generation"":0}]"
UserService.createFromInviteSeed,b47,1,0,0,N/A,"{}"
invites.admitMemberFromInvite,founder,2,49,2,N/A,"[{""roleName"":""admin"",""generation"":0},{""roleName"":""member"",""generation"":0}]"
team.save,founder,1,49,2,N/A,"[{""roleName"":""admin"",""generation"":0},{""roleName"":""member"",""generation"":0}]"
team.teamKeys,founder,1,49,2,N/A,"[{""roleName"":""admin"",""generation"":0},{""roleName"":""member"",""generation"":0}]"
team.join,founder,992,49,2,N/A,"[{""roleName"":""admin"",""generation"":0},{""roleName"":""member"",""generation"":0}]"
storage.setSigChain,founder,0,49,2,N/A,"[{""roleName"":""admin"",""generation"":0},{""roleName"":""member"",""generation"":0}]"
storage.setContext,founder,0,49,2,N/A,"[{""roleName"":""admin"",""generation"":0},{""roleName"":""member"",""generation"":0}]"
team.hasRole,founder,0,49,2,N/A,"[{""roleName"":""admin"",""generation"":0},{""roleName"":""member"",""generation"":0}]"
UserService.createFromInviteSeed,b48,1,0,0,N/A,"{}"
invites.admitMemberFromInvite,founder,2,50,2,N/A,"[{""roleName"":""admin"",""generation"":0},{""roleName"":""member"",""generation"":0}]"
team.save,founder,1,50,2,N/A,"[{""roleName"":""admin"",""generation"":0},{""roleName"":""member"",""generation"":0}]"
team.teamKeys,founder,0,50,2,N/A,"[{""roleName"":""admin"",""generation"":0},{""roleName"":""member"",""generation"":0}]"
team.join,founder,1054,50,2,N/A,"[{""roleName"":""admin"",""generation"":0},{""roleName"":""member"",""generation"":0}]"
storage.setSigChain,founder,0,50,2,N/A,"[{""roleName"":""admin"",""generation"":0},{""roleName"":""member"",""generation"":0}]"
storage.setContext,founder,0,50,2,N/A,"[{""roleName"":""admin"",""generation"":0},{""roleName"":""member"",""generation"":0}]"
team.hasRole,founder,0,50,2,N/A,"[{""roleName"":""admin"",""generation"":0},{""roleName"":""member"",""generation"":0}]"
UserService.createFromInviteSeed,b49,0,0,0,N/A,"{}"
invites.admitMemberFromInvite,founder,2,51,2,N/A,"[{""roleName"":""admin"",""generation"":0},{""roleName"":""member"",""generation"":0}]"
team.save,founder,0,51,2,N/A,"[{""roleName"":""admin"",""generation"":0},{""roleName"":""member"",""generation"":0}]"
team.teamKeys,founder,0,51,2,N/A,"[{""roleName"":""admin"",""generation"":0},{""roleName"":""member"",""generation"":0}]"
team.join,founder,1101,51,2,N/A,"[{""roleName"":""admin"",""generation"":0},{""roleName"":""member"",""generation"":0}]"
storage.setSigChain,founder,0,51,2,N/A,"[{""roleName"":""admin"",""generation"":0},{""roleName"":""member"",""generation"":0}]"
storage.setContext,founder,0,51,2,N/A,"[{""roleName"":""admin"",""generation"":0},{""roleName"":""member"",""generation"":0}]"
team.hasRole,founder,0,51,2,N/A,"[{""roleName"":""admin"",""generation"":0},{""roleName"":""member"",""generation"":0}]"
UserService.createFromInviteSeed,b50,1,0,0,N/A,"{}"
invites.admitMemberFromInvite,founder,2,52,2,N/A,"[{""roleName"":""admin"",""generation"":0},{""roleName"":""member"",""generation"":0}]"
team.save,founder,1,52,2,N/A,"[{""roleName"":""admin"",""generation"":0},{""roleName"":""member"",""generation"":0}]"
team.teamKeys,founder,0,52,2,N/A,"[{""roleName"":""admin"",""generation"":0},{""roleName"":""member"",""generation"":0}]"
team.join,founder,1140,52,2,N/A,"[{""roleName"":""admin"",""generation"":0},{""roleName"":""member"",""generation"":0}]"
storage.setSigChain,founder,0,52,2,N/A,"[{""roleName"":""admin"",""generation"":0},{""roleName"":""member"",""generation"":0}]"
storage.setContext,founder,0,52,2,N/A,"[{""roleName"":""admin"",""generation"":0},{""roleName"":""member"",""generation"":0}]"
team.hasRole,founder,0,52,2,N/A,"[{""roleName"":""admin"",""generation"":0},{""roleName"":""member"",""generation"":0}]"
UserService.createFromInviteSeed,b51,1,0,0,N/A,"{}"
invites.admitMemberFromInvite,founder,3,53,2,N/A,"[{""roleName"":""admin"",""generation"":0},{""roleName"":""member"",""generation"":0}]"
team.save,founder,2,53,2,N/A,"[{""roleName"":""admin"",""generation"":0},{""roleName"":""member"",""generation"":0}]"
team.teamKeys,founder,1,53,2,N/A,"[{""roleName"":""admin"",""generation"":0},{""roleName"":""member"",""generation"":0}]"
team.join,founder,1181,53,2,N/A,"[{""roleName"":""admin"",""generation"":0},{""roleName"":""member"",""generation"":0}]"
storage.setSigChain,founder,0,53,2,N/A,"[{""roleName"":""admin"",""generation"":0},{""roleName"":""member"",""generation"":0}]"
storage.setContext,founder,0,53,2,N/A,"[{""roleName"":""admin"",""generation"":0},{""roleName"":""member"",""generation"":0}]"
team.hasRole,founder,0,53,2,N/A,"[{""roleName"":""admin"",""generation"":0},{""roleName"":""member"",""generation"":0}]"
UserService.createFromInviteSeed,b52,0,0,0,N/A,"{}"
invites.admitMemberFromInvite,founder,2,54,2,N/A,"[{""roleName"":""admin"",""generation"":0},{""roleName"":""member"",""generation"":0}]"
team.save,founder,0,54,2,N/A,"[{""roleName"":""admin"",""generation"":0},{""roleName"":""member"",""generation"":0}]"
team.teamKeys,founder,0,54,2,N/A,"[{""roleName"":""admin"",""generation"":0},{""roleName"":""member"",""generation"":0}]"
team.join,founder,1222,54,2,N/A,"[{""roleName"":""admin"",""generation"":0},{""roleName"":""member"",""generation"":0}]"
storage.setSigChain,founder,0,54,2,N/A,"[{""roleName"":""admin"",""generation"":0},{""roleName"":""member"",""generation"":0}]"
storage.setContext,founder,0,54,2,N/A,"[{""roleName"":""admin"",""generation"":0},{""roleName"":""member"",""generation"":0}]"
team.hasRole,founder,0,54,2,N/A,"[{""roleName"":""admin"",""generation"":0},{""roleName"":""member"",""generation"":0}]"
UserService.createFromInviteSeed,b53,2,0,0,N/A,"{}"
invites.admitMemberFromInvite,founder,2,55,2,N/A,"[{""roleName"":""admin"",""generation"":0},{""roleName"":""member"",""generation"":0}]"
team.save,founder,1,55,2,N/A,"[{""roleName"":""admin"",""generation"":0},{""roleName"":""member"",""generation"":0}]"
team.teamKeys,founder,0,55,2,N/A,"[{""roleName"":""admin"",""generation"":0},{""roleName"":""member"",""generation"":0}]"
team.join,founder,1259,55,2,N/A,"[{""roleName"":""admin"",""generation"":0},{""roleName"":""member"",""generation"":0}]"
storage.setSigChain,founder,0,55,2,N/A,"[{""roleName"":""admin"",""generation"":0},{""roleName"":""member"",""generation"":0}]"
storage.setContext,founder,0,55,2,N/A,"[{""roleName"":""admin"",""generation"":0},{""roleName"":""member"",""generation"":0}]"
team.hasRole,founder,0,55,2,N/A,"[{""roleName"":""admin"",""generation"":0},{""roleName"":""member"",""generation"":0}]"
UserService.createFromInviteSeed,b54,1,0,0,N/A,"{}"
invites.admitMemberFromInvite,founder,2,56,2,N/A,"[{""roleName"":""admin"",""generation"":0},{""roleName"":""member"",""generation"":0}]"
team.save,founder,1,56,2,N/A,"[{""roleName"":""admin"",""generation"":0},{""roleName"":""member"",""generation"":0}]"
team.teamKeys,founder,0,56,2,N/A,"[{""roleName"":""admin"",""generation"":0},{""roleName"":""member"",""generation"":0}]"
team.join,founder,1344,56,2,N/A,"[{""roleName"":""admin"",""generation"":0},{""roleName"":""member"",""generation"":0}]"
storage.setSigChain,founder,0,56,2,N/A,"[{""roleName"":""admin"",""generation"":0},{""roleName"":""member"",""generation"":0}]"
storage.setContext,founder,0,56,2,N/A,"[{""roleName"":""admin"",""generation"":0},{""roleName"":""member"",""generation"":0}]"
team.hasRole,founder,1,56,2,N/A,"[{""roleName"":""admin"",""generation"":0},{""roleName"":""member"",""generation"":0}]"
UserService.createFromInviteSeed,b55,1,0,0,N/A,"{}"
invites.admitMemberFromInvite,founder,2,57,2,N/A,"[{""roleName"":""admin"",""generation"":0},{""roleName"":""member"",""generation"":0}]"
team.save,founder,1,57,2,N/A,"[{""roleName"":""admin"",""generation"":0},{""roleName"":""member"",""generation"":0}]"
team.teamKeys,founder,0,57,2,N/A,"[{""roleName"":""admin"",""generation"":0},{""roleName"":""member"",""generation"":0}]"
team.join,founder,1366,57,2,N/A,"[{""roleName"":""admin"",""generation"":0},{""roleName"":""member"",""generation"":0}]"
storage.setSigChain,founder,0,57,2,N/A,"[{""roleName"":""admin"",""generation"":0},{""roleName"":""member"",""generation"":0}]"
storage.setContext,founder,0,57,2,N/A,"[{""roleName"":""admin"",""generation"":0},{""roleName"":""member"",""generation"":0}]"
team.hasRole,founder,0,57,2,N/A,"[{""roleName"":""admin"",""generation"":0},{""roleName"":""member"",""generation"":0}]"
UserService.createFromInviteSeed,b56,1,0,0,N/A,"{}"
invites.admitMemberFromInvite,founder,1,58,2,N/A,"[{""roleName"":""admin"",""generation"":0},{""roleName"":""member"",""generation"":0}]"
team.save,founder,1,58,2,N/A,"[{""roleName"":""admin"",""generation"":0},{""roleName"":""member"",""generation"":0}]"
team.teamKeys,founder,0,58,2,N/A,"[{""roleName"":""admin"",""generation"":0},{""roleName"":""member"",""generation"":0}]"
team.join,founder,1386,58,2,N/A,"[{""roleName"":""admin"",""generation"":0},{""roleName"":""member"",""generation"":0}]"
storage.setSigChain,founder,0,58,2,N/A,"[{""roleName"":""admin"",""generation"":0},{""roleName"":""member"",""generation"":0}]"
storage.setContext,founder,0,58,2,N/A,"[{""roleName"":""admin"",""generation"":0},{""roleName"":""member"",""generation"":0}]"
team.hasRole,founder,0,58,2,N/A,"[{""roleName"":""admin"",""generation"":0},{""roleName"":""member"",""generation"":0}]"
UserService.createFromInviteSeed,b57,1,0,0,N/A,"{}"
invites.admitMemberFromInvite,founder,2,59,2,N/A,"[{""roleName"":""admin"",""generation"":0},{""roleName"":""member"",""generation"":0}]"
team.save,founder,1,59,2,N/A,"[{""roleName"":""admin"",""generation"":0},{""roleName"":""member"",""generation"":0}]"
team.teamKeys,founder,0,59,2,N/A,"[{""roleName"":""admin"",""generation"":0},{""roleName"":""member"",""generation"":0}]"
team.join,founder,1451,59,2,N/A,"[{""roleName"":""admin"",""generation"":0},{""roleName"":""member"",""generation"":0}]"
storage.setSigChain,founder,0,59,2,N/A,"[{""roleName"":""admin"",""generation"":0},{""roleName"":""member"",""generation"":0}]"
storage.setContext,founder,0,59,2,N/A,"[{""roleName"":""admin"",""generation"":0},{""roleName"":""member"",""generation"":0}]"
team.hasRole,founder,0,59,2,N/A,"[{""roleName"":""admin"",""generation"":0},{""roleName"":""member"",""generation"":0}]"
UserService.createFromInviteSeed,b58,1,0,0,N/A,"{}"
invites.admitMemberFromInvite,founder,1,60,2,N/A,"[{""roleName"":""admin"",""generation"":0},{""roleName"":""member"",""generation"":0}]"
team.save,founder,1,60,2,N/A,"[{""roleName"":""admin"",""generation"":0},{""roleName"":""member"",""generation"":0}]"
team.teamKeys,founder,0,60,2,N/A,"[{""roleName"":""admin"",""generation"":0},{""roleName"":""member"",""generation"":0}]"
team.join,founder,1537,60,2,N/A,"[{""roleName"":""admin"",""generation"":0},{""roleName"":""member"",""generation"":0}]"
storage.setSigChain,founder,0,60,2,N/A,"[{""roleName"":""admin"",""generation"":0},{""roleName"":""member"",""generation"":0}]"
storage.setContext,founder,0,60,2,N/A,"[{""roleName"":""admin"",""generation"":0},{""roleName"":""member"",""generation"":0}]"
team.hasRole,founder,0,60,2,N/A,"[{""roleName"":""admin"",""generation"":0},{""roleName"":""member"",""generation"":0}]"
UserService.createFromInviteSeed,b59,1,0,0,N/A,"{}"
invites.admitMemberFromInvite,founder,2,61,2,N/A,"[{""roleName"":""admin"",""generation"":0},{""roleName"":""member"",""generation"":0}]"
team.save,founder,1,61,2,N/A,"[{""roleName"":""admin"",""generation"":0},{""roleName"":""member"",""generation"":0}]"
team.teamKeys,founder,0,61,2,N/A,"[{""roleName"":""admin"",""generation"":0},{""roleName"":""member"",""generation"":0}]"
team.join,founder,1601,61,2,N/A,"[{""roleName"":""admin"",""generation"":0},{""roleName"":""member"",""generation"":0}]"
storage.setSigChain,founder,0,61,2,N/A,"[{""roleName"":""admin"",""generation"":0},{""roleName"":""member"",""generation"":0}]"
storage.setContext,founder,0,61,2,N/A,"[{""roleName"":""admin"",""generation"":0},{""roleName"":""member"",""generation"":0}]"
team.hasRole,founder,0,61,2,N/A,"[{""roleName"":""admin"",""generation"":0},{""roleName"":""member"",""generation"":0}]"
UserService.createFromInviteSeed,b60,1,0,0,N/A,"{}"
invites.admitMemberFromInvite,founder,2,62,2,N/A,"[{""roleName"":""admin"",""generation"":0},{""roleName"":""member"",""generation"":0}]"
team.save,founder,1,62,2,N/A,"[{""roleName"":""admin"",""generation"":0},{""roleName"":""member"",""generation"":0}]"
team.teamKeys,founder,0,62,2,N/A,"[{""roleName"":""admin"",""generation"":0},{""roleName"":""member"",""generation"":0}]"
team.join,founder,1597,62,2,N/A,"[{""roleName"":""admin"",""generation"":0},{""roleName"":""member"",""generation"":0}]"
storage.setSigChain,founder,1,62,2,N/A,"[{""roleName"":""admin"",""generation"":0},{""roleName"":""member"",""generation"":0}]"
storage.setContext,founder,0,62,2,N/A,"[{""roleName"":""admin"",""generation"":0},{""roleName"":""member"",""generation"":0}]"
team.hasRole,founder,0,62,2,N/A,"[{""roleName"":""admin"",""generation"":0},{""roleName"":""member"",""generation"":0}]"
UserService.createFromInviteSeed,b61,1,0,0,N/A,"{}"
invites.admitMemberFromInvite,founder,2,63,2,N/A,"[{""roleName"":""admin"",""generation"":0},{""roleName"":""member"",""generation"":0}]"
team.save,founder,1,63,2,N/A,"[{""roleName"":""admin"",""generation"":0},{""roleName"":""member"",""generation"":0}]"
team.teamKeys,founder,0,63,2,N/A,"[{""roleName"":""admin"",""generation"":0},{""roleName"":""member"",""generation"":0}]"
team.join,founder,1637,63,2,N/A,"[{""roleName"":""admin"",""generation"":0},{""roleName"":""member"",""generation"":0}]"
storage.setSigChain,founder,0,63,2,N/A,"[{""roleName"":""admin"",""generation"":0},{""roleName"":""member"",""generation"":0}]"
storage.setContext,founder,0,63,2,N/A,"[{""roleName"":""admin"",""generation"":0},{""roleName"":""member"",""generation"":0}]"
team.hasRole,founder,0,63,2,N/A,"[{""roleName"":""admin"",""generation"":0},{""roleName"":""member"",""generation"":0}]"
UserService.createFromInviteSeed,b62,0,0,0,N/A,"{}"
invites.admitMemberFromInvite,founder,2,64,2,N/A,"[{""roleName"":""admin"",""generation"":0},{""roleName"":""member"",""generation"":0}]"
team.save,founder,0,64,2,N/A,"[{""roleName"":""admin"",""generation"":0},{""roleName"":""member"",""generation"":0}]"
team.teamKeys,founder,0,64,2,N/A,"[{""roleName"":""admin"",""generation"":0},{""roleName"":""member"",""generation"":0}]"
team.join,founder,1687,64,2,N/A,"[{""roleName"":""admin"",""generation"":0},{""roleName"":""member"",""generation"":0}]"
storage.setSigChain,founder,0,64,2,N/A,"[{""roleName"":""admin"",""generation"":0},{""roleName"":""member"",""generation"":0}]"
storage.setContext,founder,0,64,2,N/A,"[{""roleName"":""admin"",""generation"":0},{""roleName"":""member"",""generation"":0}]"
team.hasRole,founder,0,64,2,N/A,"[{""roleName"":""admin"",""generation"":0},{""roleName"":""member"",""generation"":0}]"
UserService.createFromInviteSeed,b63,1,0,0,N/A,"{}"
invites.admitMemberFromInvite,founder,1,65,2,N/A,"[{""roleName"":""admin"",""generation"":0},{""roleName"":""member"",""generation"":0}]"
team.save,founder,0,65,2,N/A,"[{""roleName"":""admin"",""generation"":0},{""roleName"":""member"",""generation"":0}]"
team.teamKeys,founder,0,65,2,N/A,"[{""roleName"":""admin"",""generation"":0},{""roleName"":""member"",""generation"":0}]"
team.join,founder,1750,65,2,N/A,"[{""roleName"":""admin"",""generation"":0},{""roleName"":""member"",""generation"":0}]"
storage.setSigChain,founder,0,65,2,N/A,"[{""roleName"":""admin"",""generation"":0},{""roleName"":""member"",""generation"":0}]"
storage.setContext,founder,0,65,2,N/A,"[{""roleName"":""admin"",""generation"":0},{""roleName"":""member"",""generation"":0}]"
team.hasRole,founder,0,65,2,N/A,"[{""roleName"":""admin"",""generation"":0},{""roleName"":""member"",""generation"":0}]"
UserService.createFromInviteSeed,b64,1,0,0,N/A,"{}"
invites.admitMemberFromInvite,founder,1,66,2,N/A,"[{""roleName"":""admin"",""generation"":0},{""roleName"":""member"",""generation"":0}]"
team.save,founder,1,66,2,N/A,"[{""roleName"":""admin"",""generation"":0},{""roleName"":""member"",""generation"":0}]"
team.teamKeys,founder,0,66,2,N/A,"[{""roleName"":""admin"",""generation"":0},{""roleName"":""member"",""generation"":0}]"
team.join,founder,1865,66,2,N/A,"[{""roleName"":""admin"",""generation"":0},{""roleName"":""member"",""generation"":0}]"
storage.setSigChain,founder,0,66,2,N/A,"[{""roleName"":""admin"",""generation"":0},{""roleName"":""member"",""generation"":0}]"
storage.setContext,founder,0,66,2,N/A,"[{""roleName"":""admin"",""generation"":0},{""roleName"":""member"",""generation"":0}]"
team.hasRole,founder,0,66,2,N/A,"[{""roleName"":""admin"",""generation"":0},{""roleName"":""member"",""generation"":0}]"
UserService.createFromInviteSeed,b65,1,0,0,N/A,"{}"
invites.admitMemberFromInvite,founder,2,67,2,N/A,"[{""roleName"":""admin"",""generation"":0},{""roleName"":""member"",""generation"":0}]"
team.save,founder,1,67,2,N/A,"[{""roleName"":""admin"",""generation"":0},{""roleName"":""member"",""generation"":0}]"
team.teamKeys,founder,0,67,2,N/A,"[{""roleName"":""admin"",""generation"":0},{""roleName"":""member"",""generation"":0}]"
team.join,founder,1845,67,2,N/A,"[{""roleName"":""admin"",""generation"":0},{""roleName"":""member"",""generation"":0}]"
storage.setSigChain,founder,0,67,2,N/A,"[{""roleName"":""admin"",""generation"":0},{""roleName"":""member"",""generation"":0}]"
storage.setContext,founder,1,67,2,N/A,"[{""roleName"":""admin"",""generation"":0},{""roleName"":""member"",""generation"":0}]"
team.hasRole,founder,0,67,2,N/A,"[{""roleName"":""admin"",""generation"":0},{""roleName"":""member"",""generation"":0}]"
UserService.createFromInviteSeed,b66,1,0,0,N/A,"{}"
invites.admitMemberFromInvite,founder,2,68,2,N/A,"[{""roleName"":""admin"",""generation"":0},{""roleName"":""member"",""generation"":0}]"
team.save,founder,1,68,2,N/A,"[{""roleName"":""admin"",""generation"":0},{""roleName"":""member"",""generation"":0}]"
team.teamKeys,founder,0,68,2,N/A,"[{""roleName"":""admin"",""generation"":0},{""roleName"":""member"",""generation"":0}]"
team.join,founder,1999,68,2,N/A,"[{""roleName"":""admin"",""generation"":0},{""roleName"":""member"",""generation"":0}]"
storage.setSigChain,founder,0,68,2,N/A,"[{""roleName"":""admin"",""generation"":0},{""roleName"":""member"",""generation"":0}]"
storage.setContext,founder,0,68,2,N/A,"[{""roleName"":""admin"",""generation"":0},{""roleName"":""member"",""generation"":0}]"
team.hasRole,founder,0,68,2,N/A,"[{""roleName"":""admin"",""generation"":0},{""roleName"":""member"",""generation"":0}]"
UserService.createFromInviteSeed,b67,1,0,0,N/A,"{}"
invites.admitMemberFromInvite,founder,2,69,2,N/A,"[{""roleName"":""admin"",""generation"":0},{""roleName"":""member"",""generation"":0}]"
team.save,founder,1,69,2,N/A,"[{""roleName"":""admin"",""generation"":0},{""roleName"":""member"",""generation"":0}]"
team.teamKeys,founder,0,69,2,N/A,"[{""roleName"":""admin"",""generation"":0},{""roleName"":""member"",""generation"":0}]"
team.join,founder,2096,69,2,N/A,"[{""roleName"":""admin"",""generation"":0},{""roleName"":""member"",""generation"":0}]"
storage.setSigChain,founder,0,69,2,N/A,"[{""roleName"":""admin"",""generation"":0},{""roleName"":""member"",""generation"":0}]"
storage.setContext,founder,0,69,2,N/A,"[{""roleName"":""admin"",""generation"":0},{""roleName"":""member"",""generation"":0}]"
team.hasRole,founder,0,69,2,N/A,"[{""roleName"":""admin"",""generation"":0},{""roleName"":""member"",""generation"":0}]"
UserService.createFromInviteSeed,b68,1,0,0,N/A,"{}"
invites.admitMemberFromInvite,founder,2,70,2,N/A,"[{""roleName"":""admin"",""generation"":0},{""roleName"":""member"",""generation"":0}]"
team.save,founder,1,70,2,N/A,"[{""roleName"":""admin"",""generation"":0},{""roleName"":""member"",""generation"":0}]"
team.teamKeys,founder,0,70,2,N/A,"[{""roleName"":""admin"",""generation"":0},{""roleName"":""member"",""generation"":0}]"
team.join,founder,2123,70,2,N/A,"[{""roleName"":""admin"",""generation"":0},{""roleName"":""member"",""generation"":0}]"
storage.setSigChain,founder,0,70,2,N/A,"[{""roleName"":""admin"",""generation"":0},{""roleName"":""member"",""generation"":0}]"
storage.setContext,founder,0,70,2,N/A,"[{""roleName"":""admin"",""generation"":0},{""roleName"":""member"",""generation"":0}]"
team.hasRole,founder,0,70,2,N/A,"[{""roleName"":""admin"",""generation"":0},{""roleName"":""member"",""generation"":0}]"
UserService.createFromInviteSeed,b69,1,0,0,N/A,"{}"
invites.admitMemberFromInvite,founder,2,71,2,N/A,"[{""roleName"":""admin"",""generation"":0},{""roleName"":""member"",""generation"":0}]"
team.save,founder,1,71,2,N/A,"[{""roleName"":""admin"",""generation"":0},{""roleName"":""member"",""generation"":0}]"
team.teamKeys,founder,0,71,2,N/A,"[{""roleName"":""admin"",""generation"":0},{""roleName"":""member"",""generation"":0}]"
team.join,founder,2166,71,2,N/A,"[{""roleName"":""admin"",""generation"":0},{""roleName"":""member"",""generation"":0}]"
storage.setSigChain,founder,0,71,2,N/A,"[{""roleName"":""admin"",""generation"":0},{""roleName"":""member"",""generation"":0}]"
storage.setContext,founder,0,71,2,N/A,"[{""roleName"":""admin"",""generation"":0},{""roleName"":""member"",""generation"":0}]"
team.hasRole,founder,0,71,2,N/A,"[{""roleName"":""admin"",""generation"":0},{""roleName"":""member"",""generation"":0}]"
UserService.createFromInviteSeed,b70,1,0,0,N/A,"{}"
invites.admitMemberFromInvite,founder,2,72,2,N/A,"[{""roleName"":""admin"",""generation"":0},{""roleName"":""member"",""generation"":0}]"
team.save,founder,1,72,2,N/A,"[{""roleName"":""admin"",""generation"":0},{""roleName"":""member"",""generation"":0}]"
team.teamKeys,founder,0,72,2,N/A,"[{""roleName"":""admin"",""generation"":0},{""roleName"":""member"",""generation"":0}]"
team.join,founder,2220,72,2,N/A,"[{""roleName"":""admin"",""generation"":0},{""roleName"":""member"",""generation"":0}]"
storage.setSigChain,founder,0,72,2,N/A,"[{""roleName"":""admin"",""generation"":0},{""roleName"":""member"",""generation"":0}]"
storage.setContext,founder,0,72,2,N/A,"[{""roleName"":""admin"",""generation"":0},{""roleName"":""member"",""generation"":0}]"
team.hasRole,founder,0,72,2,N/A,"[{""roleName"":""admin"",""generation"":0},{""roleName"":""member"",""generation"":0}]"
UserService.createFromInviteSeed,b71,1,0,0,N/A,"{}"
invites.admitMemberFromInvite,founder,2,73,2,N/A,"[{""roleName"":""admin"",""generation"":0},{""roleName"":""member"",""generation"":0}]"
team.save,founder,1,73,2,N/A,"[{""roleName"":""admin"",""generation"":0},{""roleName"":""member"",""generation"":0}]"
team.teamKeys,founder,1,73,2,N/A,"[{""roleName"":""admin"",""generation"":0},{""roleName"":""member"",""generation"":0}]"
team.join,founder,2308,73,2,N/A,"[{""roleName"":""admin"",""generation"":0},{""roleName"":""member"",""generation"":0}]"
storage.setSigChain,founder,0,73,2,N/A,"[{""roleName"":""admin"",""generation"":0},{""roleName"":""member"",""generation"":0}]"
storage.setContext,founder,0,73,2,N/A,"[{""roleName"":""admin"",""generation"":0},{""roleName"":""member"",""generation"":0}]"
team.hasRole,founder,0,73,2,N/A,"[{""roleName"":""admin"",""generation"":0},{""roleName"":""member"",""generation"":0}]"
UserService.createFromInviteSeed,b72,1,0,0,N/A,"{}"
invites.admitMemberFromInvite,founder,2,74,2,N/A,"[{""roleName"":""admin"",""generation"":0},{""roleName"":""member"",""generation"":0}]"
team.save,founder,1,74,2,N/A,"[{""roleName"":""admin"",""generation"":0},{""roleName"":""member"",""generation"":0}]"
team.teamKeys,founder,1,74,2,N/A,"[{""roleName"":""admin"",""generation"":0},{""roleName"":""member"",""generation"":0}]"
team.join,founder,2360,74,2,N/A,"[{""roleName"":""admin"",""generation"":0},{""roleName"":""member"",""generation"":0}]"
storage.setSigChain,founder,0,74,2,N/A,"[{""roleName"":""admin"",""generation"":0},{""roleName"":""member"",""generation"":0}]"
storage.setContext,founder,0,74,2,N/A,"[{""roleName"":""admin"",""generation"":0},{""roleName"":""member"",""generation"":0}]"
team.hasRole,founder,0,74,2,N/A,"[{""roleName"":""admin"",""generation"":0},{""roleName"":""member"",""generation"":0}]"
UserService.createFromInviteSeed,b73,1,0,0,N/A,"{}"
invites.admitMemberFromInvite,founder,2,75,2,N/A,"[{""roleName"":""admin"",""generation"":0},{""roleName"":""member"",""generation"":0}]"
team.save,founder,1,75,2,N/A,"[{""roleName"":""admin"",""generation"":0},{""roleName"":""member"",""generation"":0}]"
team.teamKeys,founder,0,75,2,N/A,"[{""roleName"":""admin"",""generation"":0},{""roleName"":""member"",""generation"":0}]"
team.join,founder,2761,75,2,N/A,"[{""roleName"":""admin"",""generation"":0},{""roleName"":""member"",""generation"":0}]"
storage.setSigChain,founder,0,75,2,N/A,"[{""roleName"":""admin"",""generation"":0},{""roleName"":""member"",""generation"":0}]"
storage.setContext,founder,0,75,2,N/A,"[{""roleName"":""admin"",""generation"":0},{""roleName"":""member"",""generation"":0}]"
team.hasRole,founder,0,75,2,N/A,"[{""roleName"":""admin"",""generation"":0},{""roleName"":""member"",""generation"":0}]"
UserService.createFromInviteSeed,b74,1,0,0,N/A,"{}"
invites.admitMemberFromInvite,founder,4,76,2,N/A,"[{""roleName"":""admin"",""generation"":0},{""roleName"":""member"",""generation"":0}]"
team.save,founder,1,76,2,N/A,"[{""roleName"":""admin"",""generation"":0},{""roleName"":""member"",""generation"":0}]"
team.teamKeys,founder,0,76,2,N/A,"[{""roleName"":""admin"",""generation"":0},{""roleName"":""member"",""generation"":0}]"
team.join,founder,2565,76,2,N/A,"[{""roleName"":""admin"",""generation"":0},{""roleName"":""member"",""generation"":0}]"
storage.setSigChain,founder,0,76,2,N/A,"[{""roleName"":""admin"",""generation"":0},{""roleName"":""member"",""generation"":0}]"
storage.setContext,founder,0,76,2,N/A,"[{""roleName"":""admin"",""generation"":0},{""roleName"":""member"",""generation"":0}]"
team.hasRole,founder,0,76,2,N/A,"[{""roleName"":""admin"",""generation"":0},{""roleName"":""member"",""generation"":0}]"
UserService.createFromInviteSeed,b75,1,0,0,N/A,"{}"
invites.admitMemberFromInvite,founder,2,77,2,N/A,"[{""roleName"":""admin"",""generation"":0},{""roleName"":""member"",""generation"":0}]"
team.save,founder,1,77,2,N/A,"[{""roleName"":""admin"",""generation"":0},{""roleName"":""member"",""generation"":0}]"
team.teamKeys,founder,0,77,2,N/A,"[{""roleName"":""admin"",""generation"":0},{""roleName"":""member"",""generation"":0}]"
team.join,founder,2542,77,2,N/A,"[{""roleName"":""admin"",""generation"":0},{""roleName"":""member"",""generation"":0}]"
storage.setSigChain,founder,0,77,2,N/A,"[{""roleName"":""admin"",""generation"":0},{""roleName"":""member"",""generation"":0}]"
storage.setContext,founder,0,77,2,N/A,"[{""roleName"":""admin"",""generation"":0},{""roleName"":""member"",""generation"":0}]"
team.hasRole,founder,0,77,2,N/A,"[{""roleName"":""admin"",""generation"":0},{""roleName"":""member"",""generation"":0}]"
UserService.createFromInviteSeed,b76,1,0,0,N/A,"{}"
invites.admitMemberFromInvite,founder,3,78,2,N/A,"[{""roleName"":""admin"",""generation"":0},{""roleName"":""member"",""generation"":0}]"
team.save,founder,1,78,2,N/A,"[{""roleName"":""admin"",""generation"":0},{""roleName"":""member"",""generation"":0}]"
team.teamKeys,founder,0,78,2,N/A,"[{""roleName"":""admin"",""generation"":0},{""roleName"":""member"",""generation"":0}]"
team.join,founder,2631,78,2,N/A,"[{""roleName"":""admin"",""generation"":0},{""roleName"":""member"",""generation"":0}]"
storage.setSigChain,founder,0,78,2,N/A,"[{""roleName"":""admin"",""generation"":0},{""roleName"":""member"",""generation"":0}]"
storage.setContext,founder,0,78,2,N/A,"[{""roleName"":""admin"",""generation"":0},{""roleName"":""member"",""generation"":0}]"
team.hasRole,founder,0,78,2,N/A,"[{""roleName"":""admin"",""generation"":0},{""roleName"":""member"",""generation"":0}]"
UserService.createFromInviteSeed,b77,1,0,0,N/A,"{}"
invites.admitMemberFromInvite,founder,2,79,2,N/A,"[{""roleName"":""admin"",""generation"":0},{""roleName"":""member"",""generation"":0}]"
team.save,founder,1,79,2,N/A,"[{""roleName"":""admin"",""generation"":0},{""roleName"":""member"",""generation"":0}]"
team.teamKeys,founder,0,79,2,N/A,"[{""roleName"":""admin"",""generation"":0},{""roleName"":""member"",""generation"":0}]"
team.join,founder,2629,79,2,N/A,"[{""roleName"":""admin"",""generation"":0},{""roleName"":""member"",""generation"":0}]"
storage.setSigChain,founder,0,79,2,N/A,"[{""roleName"":""admin"",""generation"":0},{""roleName"":""member"",""generation"":0}]"
storage.setContext,founder,0,79,2,N/A,"[{""roleName"":""admin"",""generation"":0},{""roleName"":""member"",""generation"":0}]"
team.hasRole,founder,0,79,2,N/A,"[{""roleName"":""admin"",""generation"":0},{""roleName"":""member"",""generation"":0}]"
UserService.createFromInviteSeed,b78,1,0,0,N/A,"{}"
invites.admitMemberFromInvite,founder,2,80,2,N/A,"[{""roleName"":""admin"",""generation"":0},{""roleName"":""member"",""generation"":0}]"
team.save,founder,1,80,2,N/A,"[{""roleName"":""admin"",""generation"":0},{""roleName"":""member"",""generation"":0}]"
team.teamKeys,founder,0,80,2,N/A,"[{""roleName"":""admin"",""generation"":0},{""roleName"":""member"",""generation"":0}]"
team.join,founder,2706,80,2,N/A,"[{""roleName"":""admin"",""generation"":0},{""roleName"":""member"",""generation"":0}]"
storage.setSigChain,founder,0,80,2,N/A,"[{""roleName"":""admin"",""generation"":0},{""roleName"":""member"",""generation"":0}]"
storage.setContext,founder,0,80,2,N/A,"[{""roleName"":""admin"",""generation"":0},{""roleName"":""member"",""generation"":0}]"
team.hasRole,founder,0,80,2,N/A,"[{""roleName"":""admin"",""generation"":0},{""roleName"":""member"",""generation"":0}]"
UserService.createFromInviteSeed,b79,1,0,0,N/A,"{}"
invites.admitMemberFromInvite,founder,2,81,2,N/A,"[{""roleName"":""admin"",""generation"":0},{""roleName"":""member"",""generation"":0}]"
team.save,founder,2,81,2,N/A,"[{""roleName"":""admin"",""generation"":0},{""roleName"":""member"",""generation"":0}]"
team.teamKeys,founder,0,81,2,N/A,"[{""roleName"":""admin"",""generation"":0},{""roleName"":""member"",""generation"":0}]"
team.join,founder,2759,81,2,N/A,"[{""roleName"":""admin"",""generation"":0},{""roleName"":""member"",""generation"":0}]"
storage.setSigChain,founder,0,81,2,N/A,"[{""roleName"":""admin"",""generation"":0},{""roleName"":""member"",""generation"":0}]"
storage.setContext,founder,0,81,2,N/A,"[{""roleName"":""admin"",""generation"":0},{""roleName"":""member"",""generation"":0}]"
team.hasRole,founder,0,81,2,N/A,"[{""roleName"":""admin"",""generation"":0},{""roleName"":""member"",""generation"":0}]"
UserService.createFromInviteSeed,b80,1,0,0,N/A,"{}"
invites.admitMemberFromInvite,founder,2,82,2,N/A,"[{""roleName"":""admin"",""generation"":0},{""roleName"":""member"",""generation"":0}]"
team.save,founder,1,82,2,N/A,"[{""roleName"":""admin"",""generation"":0},{""roleName"":""member"",""generation"":0}]"
team.teamKeys,founder,0,82,2,N/A,"[{""roleName"":""admin"",""generation"":0},{""roleName"":""member"",""generation"":0}]"
team.join,founder,2846,82,2,N/A,"[{""roleName"":""admin"",""generation"":0},{""roleName"":""member"",""generation"":0}]"
storage.setSigChain,founder,0,82,2,N/A,"[{""roleName"":""admin"",""generation"":0},{""roleName"":""member"",""generation"":0}]"
storage.setContext,founder,0,82,2,N/A,"[{""roleName"":""admin"",""generation"":0},{""roleName"":""member"",""generation"":0}]"
team.hasRole,founder,0,82,2,N/A,"[{""roleName"":""admin"",""generation"":0},{""roleName"":""member"",""generation"":0}]"
UserService.createFromInviteSeed,b81,1,0,0,N/A,"{}"
invites.admitMemberFromInvite,founder,2,83,2,N/A,"[{""roleName"":""admin"",""generation"":0},{""roleName"":""member"",""generation"":0}]"
team.save,founder,1,83,2,N/A,"[{""roleName"":""admin"",""generation"":0},{""roleName"":""member"",""generation"":0}]"
team.teamKeys,founder,0,83,2,N/A,"[{""roleName"":""admin"",""generation"":0},{""roleName"":""member"",""generation"":0}]"
team.join,founder,2900,83,2,N/A,"[{""roleName"":""admin"",""generation"":0},{""roleName"":""member"",""generation"":0}]"
storage.setSigChain,founder,0,83,2,N/A,"[{""roleName"":""admin"",""generation"":0},{""roleName"":""member"",""generation"":0}]"
storage.setContext,founder,0,83,2,N/A,"[{""roleName"":""admin"",""generation"":0},{""roleName"":""member"",""generation"":0}]"
team.hasRole,founder,0,83,2,N/A,"[{""roleName"":""admin"",""generation"":0},{""roleName"":""member"",""generation"":0}]"
UserService.createFromInviteSeed,b82,1,0,0,N/A,"{}"
invites.admitMemberFromInvite,founder,2,84,2,N/A,"[{""roleName"":""admin"",""generation"":0},{""roleName"":""member"",""generation"":0}]"
team.save,founder,1,84,2,N/A,"[{""roleName"":""admin"",""generation"":0},{""roleName"":""member"",""generation"":0}]"
team.teamKeys,founder,0,84,2,N/A,"[{""roleName"":""admin"",""generation"":0},{""roleName"":""member"",""generation"":0}]"
team.join,founder,2960,84,2,N/A,"[{""roleName"":""admin"",""generation"":0},{""roleName"":""member"",""generation"":0}]"
storage.setSigChain,founder,0,84,2,N/A,"[{""roleName"":""admin"",""generation"":0},{""roleName"":""member"",""generation"":0}]"
storage.setContext,founder,0,84,2,N/A,"[{""roleName"":""admin"",""generation"":0},{""roleName"":""member"",""generation"":0}]"
team.hasRole,founder,0,84,2,N/A,"[{""roleName"":""admin"",""generation"":0},{""roleName"":""member"",""generation"":0}]"
UserService.createFromInviteSeed,b83,0,0,0,N/A,"{}"
invites.admitMemberFromInvite,founder,3,85,2,N/A,"[{""roleName"":""admin"",""generation"":0},{""roleName"":""member"",""generation"":0}]"
team.save,founder,2,85,2,N/A,"[{""roleName"":""admin"",""generation"":0},{""roleName"":""member"",""generation"":0}]"
team.teamKeys,founder,0,85,2,N/A,"[{""roleName"":""admin"",""generation"":0},{""roleName"":""member"",""generation"":0}]"
team.join,founder,3036,85,2,N/A,"[{""roleName"":""admin"",""generation"":0},{""roleName"":""member"",""generation"":0}]"
storage.setSigChain,founder,0,85,2,N/A,"[{""roleName"":""admin"",""generation"":0},{""roleName"":""member"",""generation"":0}]"
storage.setContext,founder,0,85,2,N/A,"[{""roleName"":""admin"",""generation"":0},{""roleName"":""member"",""generation"":0}]"
team.hasRole,founder,0,85,2,N/A,"[{""roleName"":""admin"",""generation"":0},{""roleName"":""member"",""generation"":0}]"
UserService.createFromInviteSeed,b84,1,0,0,N/A,"{}"
invites.admitMemberFromInvite,founder,2,86,2,N/A,"[{""roleName"":""admin"",""generation"":0},{""roleName"":""member"",""generation"":0}]"
team.save,founder,1,86,2,N/A,"[{""roleName"":""admin"",""generation"":0},{""roleName"":""member"",""generation"":0}]"
team.teamKeys,founder,0,86,2,N/A,"[{""roleName"":""admin"",""generation"":0},{""roleName"":""member"",""generation"":0}]"
team.join,founder,3095,86,2,N/A,"[{""roleName"":""admin"",""generation"":0},{""roleName"":""member"",""generation"":0}]"
storage.setSigChain,founder,0,86,2,N/A,"[{""roleName"":""admin"",""generation"":0},{""roleName"":""member"",""generation"":0}]"
storage.setContext,founder,0,86,2,N/A,"[{""roleName"":""admin"",""generation"":0},{""roleName"":""member"",""generation"":0}]"
team.hasRole,founder,0,86,2,N/A,"[{""roleName"":""admin"",""generation"":0},{""roleName"":""member"",""generation"":0}]"
UserService.createFromInviteSeed,b85,1,0,0,N/A,"{}"
invites.admitMemberFromInvite,founder,2,87,2,N/A,"[{""roleName"":""admin"",""generation"":0},{""roleName"":""member"",""generation"":0}]"
team.save,founder,1,87,2,N/A,"[{""roleName"":""admin"",""generation"":0},{""roleName"":""member"",""generation"":0}]"
team.teamKeys,founder,0,87,2,N/A,"[{""roleName"":""admin"",""generation"":0},{""roleName"":""member"",""generation"":0}]"
team.join,founder,3184,87,2,N/A,"[{""roleName"":""admin"",""generation"":0},{""roleName"":""member"",""generation"":0}]"
storage.setSigChain,founder,0,87,2,N/A,"[{""roleName"":""admin"",""generation"":0},{""roleName"":""member"",""generation"":0}]"
storage.setContext,founder,0,87,2,N/A,"[{""roleName"":""admin"",""generation"":0},{""roleName"":""member"",""generation"":0}]"
team.hasRole,founder,0,87,2,N/A,"[{""roleName"":""admin"",""generation"":0},{""roleName"":""member"",""generation"":0}]"
UserService.createFromInviteSeed,b86,1,0,0,N/A,"{}"
invites.admitMemberFromInvite,founder,2,88,2,N/A,"[{""roleName"":""admin"",""generation"":0},{""roleName"":""member"",""generation"":0}]"
team.save,founder,1,88,2,N/A,"[{""roleName"":""admin"",""generation"":0},{""roleName"":""member"",""generation"":0}]"
team.teamKeys,founder,1,88,2,N/A,"[{""roleName"":""admin"",""generation"":0},{""roleName"":""member"",""generation"":0}]"
team.join,founder,3290,88,2,N/A,"[{""roleName"":""admin"",""generation"":0},{""roleName"":""member"",""generation"":0}]"
storage.setSigChain,founder,0,88,2,N/A,"[{""roleName"":""admin"",""generation"":0},{""roleName"":""member"",""generation"":0}]"
storage.setContext,founder,0,88,2,N/A,"[{""roleName"":""admin"",""generation"":0},{""roleName"":""member"",""generation"":0}]"
team.hasRole,founder,1,88,2,N/A,"[{""roleName"":""admin"",""generation"":0},{""roleName"":""member"",""generation"":0}]"
UserService.createFromInviteSeed,b87,1,0,0,N/A,"{}"
invites.admitMemberFromInvite,founder,2,89,2,N/A,"[{""roleName"":""admin"",""generation"":0},{""roleName"":""member"",""generation"":0}]"
team.save,founder,1,89,2,N/A,"[{""roleName"":""admin"",""generation"":0},{""roleName"":""member"",""generation"":0}]"
team.teamKeys,founder,0,89,2,N/A,"[{""roleName"":""admin"",""generation"":0},{""roleName"":""member"",""generation"":0}]"
team.join,founder,3320,89,2,N/A,"[{""roleName"":""admin"",""generation"":0},{""roleName"":""member"",""generation"":0}]"
storage.setSigChain,founder,0,89,2,N/A,"[{""roleName"":""admin"",""generation"":0},{""roleName"":""member"",""generation"":0}]"
storage.setContext,founder,0,89,2,N/A,"[{""roleName"":""admin"",""generation"":0},{""roleName"":""member"",""generation"":0}]"
team.hasRole,founder,0,89,2,N/A,"[{""roleName"":""admin"",""generation"":0},{""roleName"":""member"",""generation"":0}]"
UserService.createFromInviteSeed,b88,1,0,0,N/A,"{}"
invites.admitMemberFromInvite,founder,3,90,2,N/A,"[{""roleName"":""admin"",""generation"":0},{""roleName"":""member"",""generation"":0}]"
team.save,founder,1,90,2,N/A,"[{""roleName"":""admin"",""generation"":0},{""roleName"":""member"",""generation"":0}]"
team.teamKeys,founder,0,90,2,N/A,"[{""roleName"":""admin"",""generation"":0},{""roleName"":""member"",""generation"":0}]"
team.join,founder,3405,90,2,N/A,"[{""roleName"":""admin"",""generation"":0},{""roleName"":""member"",""generation"":0}]"
storage.setSigChain,founder,0,90,2,N/A,"[{""roleName"":""admin"",""generation"":0},{""roleName"":""member"",""generation"":0}]"
storage.setContext,founder,0,90,2,N/A,"[{""roleName"":""admin"",""generation"":0},{""roleName"":""member"",""generation"":0}]"
team.hasRole,founder,0,90,2,N/A,"[{""roleName"":""admin"",""generation"":0},{""roleName"":""member"",""generation"":0}]"
UserService.createFromInviteSeed,b89,1,0,0,N/A,"{}"
invites.admitMemberFromInvite,founder,2,91,2,N/A,"[{""roleName"":""admin"",""generation"":0},{""roleName"":""member"",""generation"":0}]"
team.save,founder,2,91,2,N/A,"[{""roleName"":""admin"",""generation"":0},{""roleName"":""member"",""generation"":0}]"
team.teamKeys,founder,0,91,2,N/A,"[{""roleName"":""admin"",""generation"":0},{""roleName"":""member"",""generation"":0}]"
team.join,founder,3488,91,2,N/A,"[{""roleName"":""admin"",""generation"":0},{""roleName"":""member"",""generation"":0}]"
storage.setSigChain,founder,0,91,2,N/A,"[{""roleName"":""admin"",""generation"":0},{""roleName"":""member"",""generation"":0}]"
storage.setContext,founder,0,91,2,N/A,"[{""roleName"":""admin"",""generation"":0},{""roleName"":""member"",""generation"":0}]"
team.hasRole,founder,0,91,2,N/A,"[{""roleName"":""admin"",""generation"":0},{""roleName"":""member"",""generation"":0}]"
UserService.createFromInviteSeed,b90,1,0,0,N/A,"{}"
invites.admitMemberFromInvite,founder,3,92,2,N/A,"[{""roleName"":""admin"",""generation"":0},{""roleName"":""member"",""generation"":0}]"
team.save,founder,2,92,2,N/A,"[{""roleName"":""admin"",""generation"":0},{""roleName"":""member"",""generation"":0}]"
team.teamKeys,founder,0,92,2,N/A,"[{""roleName"":""admin"",""generation"":0},{""roleName"":""member"",""generation"":0}]"
team.join,founder,3554,92,2,N/A,"[{""roleName"":""admin"",""generation"":0},{""roleName"":""member"",""generation"":0}]"
storage.setSigChain,founder,0,92,2,N/A,"[{""roleName"":""admin"",""generation"":0},{""roleName"":""member"",""generation"":0}]"
storage.setContext,founder,0,92,2,N/A,"[{""roleName"":""admin"",""generation"":0},{""roleName"":""member"",""generation"":0}]"
team.hasRole,founder,0,92,2,N/A,"[{""roleName"":""admin"",""generation"":0},{""roleName"":""member"",""generation"":0}]"
UserService.createFromInviteSeed,b91,1,0,0,N/A,"{}"
invites.admitMemberFromInvite,founder,2,93,2,N/A,"[{""roleName"":""admin"",""generation"":0},{""roleName"":""member"",""generation"":0}]"
team.save,founder,1,93,2,N/A,"[{""roleName"":""admin"",""generation"":0},{""roleName"":""member"",""generation"":0}]"
team.teamKeys,founder,1,93,2,N/A,"[{""roleName"":""admin"",""generation"":0},{""roleName"":""member"",""generation"":0}]"
team.join,founder,3526,93,2,N/A,"[{""roleName"":""admin"",""generation"":0},{""roleName"":""member"",""generation"":0}]"
storage.setSigChain,founder,0,93,2,N/A,"[{""roleName"":""admin"",""generation"":0},{""roleName"":""member"",""generation"":0}]"
storage.setContext,founder,0,93,2,N/A,"[{""roleName"":""admin"",""generation"":0},{""roleName"":""member"",""generation"":0}]"
team.hasRole,founder,0,93,2,N/A,"[{""roleName"":""admin"",""generation"":0},{""roleName"":""member"",""generation"":0}]"
UserService.createFromInviteSeed,b92,1,0,0,N/A,"{}"
invites.admitMemberFromInvite,founder,3,94,2,N/A,"[{""roleName"":""admin"",""generation"":0},{""roleName"":""member"",""generation"":0}]"
team.save,founder,2,94,2,N/A,"[{""roleName"":""admin"",""generation"":0},{""roleName"":""member"",""generation"":0}]"
team.teamKeys,founder,1,94,2,N/A,"[{""roleName"":""admin"",""generation"":0},{""roleName"":""member"",""generation"":0}]"
team.join,founder,3698,94,2,N/A,"[{""roleName"":""admin"",""generation"":0},{""roleName"":""member"",""generation"":0}]"
storage.setSigChain,founder,0,94,2,N/A,"[{""roleName"":""admin"",""generation"":0},{""roleName"":""member"",""generation"":0}]"
storage.setContext,founder,0,94,2,N/A,"[{""roleName"":""admin"",""generation"":0},{""roleName"":""member"",""generation"":0}]"
team.hasRole,founder,0,94,2,N/A,"[{""roleName"":""admin"",""generation"":0},{""roleName"":""member"",""generation"":0}]"
UserService.createFromInviteSeed,b93,1,0,0,N/A,"{}"
invites.admitMemberFromInvite,founder,2,95,2,N/A,"[{""roleName"":""admin"",""generation"":0},{""roleName"":""member"",""generation"":0}]"
team.save,founder,1,95,2,N/A,"[{""roleName"":""admin"",""generation"":0},{""roleName"":""member"",""generation"":0}]"
team.teamKeys,founder,0,95,2,N/A,"[{""roleName"":""admin"",""generation"":0},{""roleName"":""member"",""generation"":0}]"
team.join,founder,3767,95,2,N/A,"[{""roleName"":""admin"",""generation"":0},{""roleName"":""member"",""generation"":0}]"
storage.setSigChain,founder,0,95,2,N/A,"[{""roleName"":""admin"",""generation"":0},{""roleName"":""member"",""generation"":0}]"
storage.setContext,founder,0,95,2,N/A,"[{""roleName"":""admin"",""generation"":0},{""roleName"":""member"",""generation"":0}]"
team.hasRole,founder,0,95,2,N/A,"[{""roleName"":""admin"",""generation"":0},{""roleName"":""member"",""generation"":0}]"
UserService.createFromInviteSeed,b94,1,0,0,N/A,"{}"
invites.admitMemberFromInvite,founder,2,96,2,N/A,"[{""roleName"":""admin"",""generation"":0},{""roleName"":""member"",""generation"":0}]"
team.save,founder,1,96,2,N/A,"[{""roleName"":""admin"",""generation"":0},{""roleName"":""member"",""generation"":0}]"
team.teamKeys,founder,1,96,2,N/A,"[{""roleName"":""admin"",""generation"":0},{""roleName"":""member"",""generation"":0}]"
team.join,founder,3856,96,2,N/A,"[{""roleName"":""admin"",""generation"":0},{""roleName"":""member"",""generation"":0}]"
storage.setSigChain,founder,0,96,2,N/A,"[{""roleName"":""admin"",""generation"":0},{""roleName"":""member"",""generation"":0}]"
storage.setContext,founder,0,96,2,N/A,"[{""roleName"":""admin"",""generation"":0},{""roleName"":""member"",""generation"":0}]"
team.hasRole,founder,0,96,2,N/A,"[{""roleName"":""admin"",""generation"":0},{""roleName"":""member"",""generation"":0}]"
UserService.createFromInviteSeed,b95,1,0,0,N/A,"{}"
invites.admitMemberFromInvite,founder,2,97,2,N/A,"[{""roleName"":""admin"",""generation"":0},{""roleName"":""member"",""generation"":0}]"
team.save,founder,1,97,2,N/A,"[{""roleName"":""admin"",""generation"":0},{""roleName"":""member"",""generation"":0}]"
team.teamKeys,founder,0,97,2,N/A,"[{""roleName"":""admin"",""generation"":0},{""roleName"":""member"",""generation"":0}]"
team.join,founder,3949,97,2,N/A,"[{""roleName"":""admin"",""generation"":0},{""roleName"":""member"",""generation"":0}]"
storage.setSigChain,founder,0,97,2,N/A,"[{""roleName"":""admin"",""generation"":0},{""roleName"":""member"",""generation"":0}]"
storage.setContext,founder,0,97,2,N/A,"[{""roleName"":""admin"",""generation"":0},{""roleName"":""member"",""generation"":0}]"
team.hasRole,founder,0,97,2,N/A,"[{""roleName"":""admin"",""generation"":0},{""roleName"":""member"",""generation"":0}]"
UserService.createFromInviteSeed,b96,2,0,0,N/A,"{}"
invites.admitMemberFromInvite,founder,4,98,2,N/A,"[{""roleName"":""admin"",""generation"":0},{""roleName"":""member"",""generation"":0}]"
team.save,founder,1,98,2,N/A,"[{""roleName"":""admin"",""generation"":0},{""roleName"":""member"",""generation"":0}]"
team.teamKeys,founder,0,98,2,N/A,"[{""roleName"":""admin"",""generation"":0},{""roleName"":""member"",""generation"":0}]"
team.join,founder,3997,98,2,N/A,"[{""roleName"":""admin"",""generation"":0},{""roleName"":""member"",""generation"":0}]"
storage.setSigChain,founder,1,98,2,N/A,"[{""roleName"":""admin"",""generation"":0},{""roleName"":""member"",""generation"":0}]"
storage.setContext,founder,0,98,2,N/A,"[{""roleName"":""admin"",""generation"":0},{""roleName"":""member"",""generation"":0}]"
team.hasRole,founder,0,98,2,N/A,"[{""roleName"":""admin"",""generation"":0},{""roleName"":""member"",""generation"":0}]"
UserService.createFromInviteSeed,b97,1,0,0,N/A,"{}"
invites.admitMemberFromInvite,founder,2,99,2,N/A,"[{""roleName"":""admin"",""generation"":0},{""roleName"":""member"",""generation"":0}]"
team.save,founder,1,99,2,N/A,"[{""roleName"":""admin"",""generation"":0},{""roleName"":""member"",""generation"":0}]"
team.teamKeys,founder,0,99,2,N/A,"[{""roleName"":""admin"",""generation"":0},{""roleName"":""member"",""generation"":0}]"
team.join,founder,4215,99,2,N/A,"[{""roleName"":""admin"",""generation"":0},{""roleName"":""member"",""generation"":0}]"
storage.setSigChain,founder,0,99,2,N/A,"[{""roleName"":""admin"",""generation"":0},{""roleName"":""member"",""generation"":0}]"
storage.setContext,founder,1,99,2,N/A,"[{""roleName"":""admin"",""generation"":0},{""roleName"":""member"",""generation"":0}]"
team.hasRole,founder,0,99,2,N/A,"[{""roleName"":""admin"",""generation"":0},{""roleName"":""member"",""generation"":0}]"
UserService.createFromInviteSeed,b98,1,0,0,N/A,"{}"
invites.admitMemberFromInvite,founder,3,100,2,N/A,"[{""roleName"":""admin"",""generation"":0},{""roleName"":""member"",""generation"":0}]"
team.save,founder,1,100,2,N/A,"[{""roleName"":""admin"",""generation"":0},{""roleName"":""member"",""generation"":0}]"
team.teamKeys,founder,1,100,2,N/A,"[{""roleName"":""admin"",""generation"":0},{""roleName"":""member"",""generation"":0}]"
team.join,founder,4208,100,2,N/A,"[{""roleName"":""admin"",""generation"":0},{""roleName"":""member"",""generation"":0}]"
storage.setSigChain,founder,0,100,2,N/A,"[{""roleName"":""admin"",""generation"":0},{""roleName"":""member"",""generation"":0}]"
storage.setContext,founder,0,100,2,N/A,"[{""roleName"":""admin"",""generation"":0},{""roleName"":""member"",""generation"":0}]"
team.hasRole,founder,0,100,2,N/A,"[{""roleName"":""admin"",""generation"":0},{""roleName"":""member"",""generation"":0}]"
UserService.createFromInviteSeed,b99,1,0,0,N/A,"{}"
invites.admitMemberFromInvite,founder,3,101,2,N/A,"[{""roleName"":""admin"",""generation"":0},{""roleName"":""member"",""generation"":0}]"
team.save,founder,1,101,2,N/A,"[{""roleName"":""admin"",""generation"":0},{""roleName"":""member"",""generation"":0}]"
team.teamKeys,founder,0,101,2,N/A,"[{""roleName"":""admin"",""generation"":0},{""roleName"":""member"",""generation"":0}]"
team.join,founder,4276,101,2,N/A,"[{""roleName"":""admin"",""generation"":0},{""roleName"":""member"",""generation"":0}]"
storage.setSigChain,founder,0,101,2,N/A,"[{""roleName"":""admin"",""generation"":0},{""roleName"":""member"",""generation"":0}]"
storage.setContext,founder,0,101,2,N/A,"[{""roleName"":""admin"",""generation"":0},{""roleName"":""member"",""generation"":0}]"
team.hasRole,founder,0,101,2,N/A,"[{""roleName"":""admin"",""generation"":0},{""roleName"":""member"",""generation"":0}]"
networking.close,founder,0,101,2,N/A,"[{""roleName"":""admin"",""generation"":0},{""roleName"":""member"",""generation"":0}]"
